ISO-10303-21;
HEADER;
FILE_DESCRIPTION(('CATIA V5 STEP Exchange'),'2;1');

FILE_NAME('C:\\Users\\fhs400\\OneDrive - Vrije Universiteit Amsterdam\\Desktop\\0002B_brick_80x80_met_48_gaten.stp','2025-09-16T11:06:15+00:00',('none'),('none'),'CATIA Version 5-6 Release 2018 SP3','CATIA V5 STEP AP203','none');

FILE_SCHEMA(('CONFIG_CONTROL_DESIGN'));

ENDSEC;
DATA;
#5=PRODUCT('0002B_brick_80x80_met_48_gaten','','',(#2)) ;
#1=APPLICATION_CONTEXT('configuration controlled 3D design of mechanical parts and assemblies') ;
#14=PRODUCT_DEFINITION('',' ',#6,#3) ;
#16=SECURITY_CLASSIFICATION(' ',' ',#15) ;
#15=SECURITY_CLASSIFICATION_LEVEL('unclassified') ;
#46=CARTESIAN_POINT(' ',(0.,0.,0.)) ;
#51=CARTESIAN_POINT('Axis2P3D Location',(29.698,40.,-1.11022302463E-016)) ;
#56=CARTESIAN_POINT('Line Origine',(31.448,0.,-5.39648682164E-016)) ;
#60=CARTESIAN_POINT('Vertex',(31.448,35.,-1.11022302463E-016)) ;
#62=CARTESIAN_POINT('Vertex',(31.448,40.,-1.11022302463E-016)) ;
#65=CARTESIAN_POINT('Axis2P3D Location',(29.698,40.,-1.11022302463E-016)) ;
#69=CARTESIAN_POINT('Vertex',(27.948,40.,1.03290887388E-016)) ;
#72=CARTESIAN_POINT('Line Origine',(27.948,0.,1.03290887388E-016)) ;
#76=CARTESIAN_POINT('Vertex',(27.948,35.,1.03290887388E-016)) ;
#79=CARTESIAN_POINT('Axis2P3D Location',(29.698,35.,-1.11022302463E-016)) ;
#91=CARTESIAN_POINT('Axis2P3D Location',(-35.,35.,40.)) ;
#96=CARTESIAN_POINT('Line Origine',(-35.,35.,0.)) ;
#100=CARTESIAN_POINT('Vertex',(-35.,35.,35.)) ;
#102=CARTESIAN_POINT('Vertex',(-35.,35.,-35.)) ;
#105=CARTESIAN_POINT('Line Origine',(-35.,1.79056769412E-012,35.)) ;
#109=CARTESIAN_POINT('Vertex',(-35.,-35.,35.)) ;
#112=CARTESIAN_POINT('Line Origine',(-35.,-35.,0.)) ;
#116=CARTESIAN_POINT('Vertex',(-35.,-35.,-35.)) ;
#119=CARTESIAN_POINT('Line Origine',(-35.,1.79056769412E-012,-35.)) ;
#130=CARTESIAN_POINT('Axis2P3D Location',(-35.,-20.9996571877,-20.9996571877)) ;
#134=CARTESIAN_POINT('Vertex',(-35.,-19.7622203206,-19.7622203206)) ;
#136=CARTESIAN_POINT('Vertex',(-35.,-22.2370940548,-22.2370940548)) ;
#139=CARTESIAN_POINT('Axis2P3D Location',(-35.,-20.9996571877,-20.9996571877)) ;
#148=CARTESIAN_POINT('Axis2P3D Location',(-35.,-29.698,0.)) ;
#152=CARTESIAN_POINT('Vertex',(-35.,-31.448,-2.14313189851E-016)) ;
#154=CARTESIAN_POINT('Vertex',(-35.,-27.948,0.)) ;
#157=CARTESIAN_POINT('Axis2P3D Location',(-35.,-29.698,0.)) ;
#166=CARTESIAN_POINT('Axis2P3D Location',(-35.,0.,0.)) ;
#170=CARTESIAN_POINT('Vertex',(-35.,25.,5.55111512313E-017)) ;
#172=CARTESIAN_POINT('Vertex',(-35.,-25.,3.1171281491E-015)) ;
#175=CARTESIAN_POINT('Axis2P3D Location',(-35.,0.,0.)) ;
#184=CARTESIAN_POINT('Axis2P3D Location',(-35.,-1.42108547152E-014,-29.698)) ;
#188=CARTESIAN_POINT('Vertex',(-35.,-1.42108547152E-014,-27.948)) ;
#190=CARTESIAN_POINT('Vertex',(-35.,-1.42108547152E-014,-31.448)) ;
#193=CARTESIAN_POINT('Axis2P3D Location',(-35.,-1.42108547152E-014,-29.698)) ;
#202=CARTESIAN_POINT('Axis2P3D Location',(-35.,20.9996571877,-20.9996571877)) ;
#206=CARTESIAN_POINT('Vertex',(-35.,19.7622203206,-19.7622203206)) ;
#208=CARTESIAN_POINT('Vertex',(-35.,22.2370940548,-22.2370940548)) ;
#211=CARTESIAN_POINT('Axis2P3D Location',(-35.,20.9996571877,-20.9996571877)) ;
#220=CARTESIAN_POINT('Axis2P3D Location',(-35.,29.698,-2.13162820728E-014)) ;
#224=CARTESIAN_POINT('Vertex',(-35.,27.948,-2.13162820728E-014)) ;
#226=CARTESIAN_POINT('Vertex',(-35.,31.448,-2.13162820728E-014)) ;
#229=CARTESIAN_POINT('Axis2P3D Location',(-35.,29.698,-2.13162820728E-014)) ;
#238=CARTESIAN_POINT('Axis2P3D Location',(-35.,20.9996571877,20.9996571877)) ;
#242=CARTESIAN_POINT('Vertex',(-35.,19.7622203206,19.7622203206)) ;
#244=CARTESIAN_POINT('Vertex',(-35.,22.2370940548,22.2370940548)) ;
#247=CARTESIAN_POINT('Axis2P3D Location',(-35.,20.9996571877,20.9996571877)) ;
#256=CARTESIAN_POINT('Axis2P3D Location',(-35.,1.42108547152E-014,29.698)) ;
#260=CARTESIAN_POINT('Vertex',(-35.,1.42108547152E-014,27.948)) ;
#262=CARTESIAN_POINT('Vertex',(-35.,1.42108547152E-014,31.448)) ;
#265=CARTESIAN_POINT('Axis2P3D Location',(-35.,1.42108547152E-014,29.698)) ;
#274=CARTESIAN_POINT('Axis2P3D Location',(-35.,-20.9996571877,20.9996571877)) ;
#278=CARTESIAN_POINT('Vertex',(-35.,-19.7622203206,19.7622203206)) ;
#280=CARTESIAN_POINT('Vertex',(-35.,-22.2370940548,22.2370940548)) ;
#283=CARTESIAN_POINT('Axis2P3D Location',(-35.,-20.9996571877,20.9996571877)) ;
#293=CARTESIAN_POINT('Axis2P3D Location',(0.,0.,35.)) ;
#298=CARTESIAN_POINT('Line Origine',(35.,1.79056769412E-012,35.)) ;
#302=CARTESIAN_POINT('Vertex',(35.,-35.,35.)) ;
#304=CARTESIAN_POINT('Vertex',(35.,35.,35.)) ;
#307=CARTESIAN_POINT('Line Origine',(0.,-35.,35.)) ;
#312=CARTESIAN_POINT('Line Origine',(0.,35.,35.)) ;
#323=CARTESIAN_POINT('Axis2P3D Location',(-1.7763568394E-015,-29.6984848098,35.)) ;
#327=CARTESIAN_POINT('Vertex',(1.23743686708,-28.4610479428,35.)) ;
#329=CARTESIAN_POINT('Vertex',(-1.23743686708,-30.9359216769,35.)) ;
#332=CARTESIAN_POINT('Axis2P3D Location',(-1.7763568394E-015,-29.6984848098,35.)) ;
#341=CARTESIAN_POINT('Axis2P3D Location',(-21.,-21.,35.)) ;
#345=CARTESIAN_POINT('Vertex',(-22.75,-21.,35.)) ;
#347=CARTESIAN_POINT('Vertex',(-19.25,-21.,35.)) ;
#350=CARTESIAN_POINT('Axis2P3D Location',(-21.,-21.,35.)) ;
#359=CARTESIAN_POINT('Axis2P3D Location',(0.,0.,35.)) ;
#363=CARTESIAN_POINT('Vertex',(25.,0.,35.)) ;
#365=CARTESIAN_POINT('Vertex',(-25.,3.06161699787E-015,35.)) ;
#368=CARTESIAN_POINT('Axis2P3D Location',(0.,0.,35.)) ;
#377=CARTESIAN_POINT('Axis2P3D Location',(21.,-21.,35.)) ;
#381=CARTESIAN_POINT('Vertex',(21.,-19.25,35.)) ;
#383=CARTESIAN_POINT('Vertex',(21.,-22.75,35.)) ;
#386=CARTESIAN_POINT('Axis2P3D Location',(21.,-21.,35.)) ;
#395=CARTESIAN_POINT('Axis2P3D Location',(29.6984848098,-1.7763568394E-015,35.)) ;
#399=CARTESIAN_POINT('Vertex',(28.4610479428,1.23743686708,35.)) ;
#401=CARTESIAN_POINT('Vertex',(30.9359216769,-1.23743686708,35.)) ;
#404=CARTESIAN_POINT('Axis2P3D Location',(29.6984848098,-1.7763568394E-015,35.)) ;
#413=CARTESIAN_POINT('Axis2P3D Location',(21.,21.,35.)) ;
#417=CARTESIAN_POINT('Vertex',(19.25,21.,35.)) ;
#419=CARTESIAN_POINT('Vertex',(22.75,21.,35.)) ;
#422=CARTESIAN_POINT('Axis2P3D Location',(21.,21.,35.)) ;
#431=CARTESIAN_POINT('Axis2P3D Location',(1.52083732384E-015,29.6984848098,35.)) ;
#435=CARTESIAN_POINT('Vertex',(-1.23743686708,28.4610479428,35.)) ;
#437=CARTESIAN_POINT('Vertex',(1.23743686708,30.9359216769,35.)) ;
#440=CARTESIAN_POINT('Axis2P3D Location',(1.52083732384E-015,29.6984848098,35.)) ;
#449=CARTESIAN_POINT('Axis2P3D Location',(-21.,21.,35.)) ;
#453=CARTESIAN_POINT('Vertex',(-21.,19.25,35.)) ;
#455=CARTESIAN_POINT('Vertex',(-21.,22.75,35.)) ;
#458=CARTESIAN_POINT('Axis2P3D Location',(-21.,21.,35.)) ;
#467=CARTESIAN_POINT('Axis2P3D Location',(-29.6984848098,8.37074516587E-015,35.)) ;
#471=CARTESIAN_POINT('Vertex',(-28.4610479428,-1.23743686708,35.)) ;
#473=CARTESIAN_POINT('Vertex',(-30.9359216769,1.23743686708,35.)) ;
#476=CARTESIAN_POINT('Axis2P3D Location',(-29.6984848098,8.37074516587E-015,35.)) ;
#486=CARTESIAN_POINT('Axis2P3D Location',(2.22044604925E-016,40.,0.)) ;
#491=CARTESIAN_POINT('Line Origine',(-25.,0.,3.06161699787E-015)) ;
#495=CARTESIAN_POINT('Vertex',(-25.,35.,3.06161699787E-015)) ;
#497=CARTESIAN_POINT('Vertex',(-25.,40.,3.06161699787E-015)) ;
#500=CARTESIAN_POINT('Axis2P3D Location',(2.22044604925E-016,40.,0.)) ;
#504=CARTESIAN_POINT('Vertex',(25.,40.,0.)) ;
#507=CARTESIAN_POINT('Line Origine',(25.,0.,0.)) ;
#511=CARTESIAN_POINT('Vertex',(25.,35.,0.)) ;
#514=CARTESIAN_POINT('Axis2P3D Location',(2.22044604925E-016,35.,0.)) ;
#526=CARTESIAN_POINT('Axis2P3D Location',(2.22044604925E-016,40.,0.)) ;
#531=CARTESIAN_POINT('Axis2P3D Location',(2.22044604925E-016,35.,0.)) ;
#543=CARTESIAN_POINT('Axis2P3D Location',(35.,-35.,40.)) ;
#548=CARTESIAN_POINT('Line Origine',(0.,-35.,-35.)) ;
#552=CARTESIAN_POINT('Vertex',(35.,-35.,-35.)) ;
#555=CARTESIAN_POINT('Line Origine',(35.,-35.,0.)) ;
#566=CARTESIAN_POINT('Axis2P3D Location',(20.9996571877,-35.,-20.9996571877)) ;
#570=CARTESIAN_POINT('Vertex',(19.7622203206,-35.,-19.7622203206)) ;
#572=CARTESIAN_POINT('Vertex',(22.2370940548,-35.,-22.2370940548)) ;
#575=CARTESIAN_POINT('Axis2P3D Location',(20.9996571877,-35.,-20.9996571877)) ;
#584=CARTESIAN_POINT('Axis2P3D Location',(29.698,-35.,0.)) ;
#588=CARTESIAN_POINT('Vertex',(27.948,-35.,1.03290887388E-016)) ;
#590=CARTESIAN_POINT('Vertex',(31.448,-35.,-1.11022302463E-016)) ;
#593=CARTESIAN_POINT('Axis2P3D Location',(29.698,-35.,0.)) ;
#602=CARTESIAN_POINT('Axis2P3D Location',(0.,-35.,0.)) ;
#606=CARTESIAN_POINT('Vertex',(-25.,-35.,3.06161699787E-015)) ;
#608=CARTESIAN_POINT('Vertex',(25.,-35.,0.)) ;
#611=CARTESIAN_POINT('Axis2P3D Location',(0.,-35.,0.)) ;
#620=CARTESIAN_POINT('Axis2P3D Location',(0.,-35.,-29.698)) ;
#624=CARTESIAN_POINT('Vertex',(0.,-35.,-27.948)) ;
#626=CARTESIAN_POINT('Vertex',(0.,-35.,-31.448)) ;
#629=CARTESIAN_POINT('Axis2P3D Location',(0.,-35.,-29.698)) ;
#638=CARTESIAN_POINT('Axis2P3D Location',(-20.9996571877,-35.,-20.9996571877)) ;
#642=CARTESIAN_POINT('Vertex',(-19.7622203206,-35.,-19.7622203206)) ;
#644=CARTESIAN_POINT('Vertex',(-22.2370940548,-35.,-22.2370940548)) ;
#647=CARTESIAN_POINT('Axis2P3D Location',(-20.9996571877,-35.,-20.9996571877)) ;
#656=CARTESIAN_POINT('Axis2P3D Location',(-29.698,-35.,-7.1054273576E-015)) ;
#660=CARTESIAN_POINT('Vertex',(-27.948,-35.,-7.1054273576E-015)) ;
#662=CARTESIAN_POINT('Vertex',(-31.448,-35.,-7.1054273576E-015)) ;
#665=CARTESIAN_POINT('Axis2P3D Location',(-29.698,-35.,-7.1054273576E-015)) ;
#674=CARTESIAN_POINT('Axis2P3D Location',(-20.9996571877,-35.,20.9996571877)) ;
#678=CARTESIAN_POINT('Vertex',(-19.7622203206,-35.,19.7622203206)) ;
#680=CARTESIAN_POINT('Vertex',(-22.2370940548,-35.,22.2370940548)) ;
#683=CARTESIAN_POINT('Axis2P3D Location',(-20.9996571877,-35.,20.9996571877)) ;
#692=CARTESIAN_POINT('Axis2P3D Location',(-7.1054273576E-015,-35.,29.698)) ;
#696=CARTESIAN_POINT('Vertex',(-7.1054273576E-015,-35.,27.948)) ;
#698=CARTESIAN_POINT('Vertex',(0.,-35.,31.448)) ;
#701=CARTESIAN_POINT('Axis2P3D Location',(-7.1054273576E-015,-35.,29.698)) ;
#710=CARTESIAN_POINT('Axis2P3D Location',(20.9996571877,-35.,20.9996571877)) ;
#714=CARTESIAN_POINT('Vertex',(19.7622203206,-35.,19.7622203206)) ;
#716=CARTESIAN_POINT('Vertex',(22.2370940548,-35.,22.2370940548)) ;
#719=CARTESIAN_POINT('Axis2P3D Location',(20.9996571877,-35.,20.9996571877)) ;
#729=CARTESIAN_POINT('Axis2P3D Location',(-1.7763568394E-015,-29.6984848098,-40.)) ;
#734=CARTESIAN_POINT('Line Origine',(-1.23743686708,-30.9359216769,0.)) ;
#738=CARTESIAN_POINT('Vertex',(-1.23743686708,-30.9359216769,40.)) ;
#741=CARTESIAN_POINT('Axis2P3D Location',(-1.7763568394E-015,-29.6984848098,40.)) ;
#745=CARTESIAN_POINT('Vertex',(1.23743686708,-28.4610479428,40.)) ;
#748=CARTESIAN_POINT('Line Origine',(1.23743686708,-28.4610479428,0.)) ;
#760=CARTESIAN_POINT('Axis2P3D Location',(-1.7763568394E-015,-29.6984848098,40.)) ;
#772=CARTESIAN_POINT('Axis2P3D Location',(-21.,-21.,-40.)) ;
#777=CARTESIAN_POINT('Line Origine',(-19.25,-21.,0.)) ;
#781=CARTESIAN_POINT('Vertex',(-19.25,-21.,40.)) ;
#784=CARTESIAN_POINT('Axis2P3D Location',(-21.,-21.,40.)) ;
#788=CARTESIAN_POINT('Vertex',(-22.75,-21.,40.)) ;
#791=CARTESIAN_POINT('Line Origine',(-22.75,-21.,0.)) ;
#803=CARTESIAN_POINT('Axis2P3D Location',(-21.,-21.,40.)) ;
#815=CARTESIAN_POINT('Axis2P3D Location',(0.,0.,37.5)) ;
#820=CARTESIAN_POINT('Line Origine',(-25.,3.06161699787E-015,37.5)) ;
#824=CARTESIAN_POINT('Vertex',(-25.,3.06161699787E-015,40.)) ;
#827=CARTESIAN_POINT('Axis2P3D Location',(0.,0.,40.)) ;
#831=CARTESIAN_POINT('Vertex',(25.,0.,40.)) ;
#834=CARTESIAN_POINT('Line Origine',(25.,-6.12323399574E-015,37.5)) ;
#846=CARTESIAN_POINT('Axis2P3D Location',(0.,0.,40.)) ;
#858=CARTESIAN_POINT('Axis2P3D Location',(21.,-21.,-40.)) ;
#863=CARTESIAN_POINT('Line Origine',(21.,-22.75,0.)) ;
#867=CARTESIAN_POINT('Vertex',(21.,-22.75,40.)) ;
#870=CARTESIAN_POINT('Axis2P3D Location',(21.,-21.,40.)) ;
#874=CARTESIAN_POINT('Vertex',(21.,-19.25,40.)) ;
#877=CARTESIAN_POINT('Line Origine',(21.,-19.25,0.)) ;
#889=CARTESIAN_POINT('Axis2P3D Location',(21.,-21.,40.)) ;
#901=CARTESIAN_POINT('Axis2P3D Location',(29.6984848098,-1.7763568394E-015,-40.)) ;
#906=CARTESIAN_POINT('Line Origine',(30.9359216769,-1.23743686708,0.)) ;
#910=CARTESIAN_POINT('Vertex',(30.9359216769,-1.23743686708,40.)) ;
#913=CARTESIAN_POINT('Axis2P3D Location',(29.6984848098,-1.7763568394E-015,40.)) ;
#917=CARTESIAN_POINT('Vertex',(28.4610479428,1.23743686708,40.)) ;
#920=CARTESIAN_POINT('Line Origine',(28.4610479428,1.23743686708,0.)) ;
#932=CARTESIAN_POINT('Axis2P3D Location',(29.6984848098,-1.7763568394E-015,40.)) ;
#944=CARTESIAN_POINT('Axis2P3D Location',(21.,21.,-40.)) ;
#949=CARTESIAN_POINT('Line Origine',(22.75,21.,0.)) ;
#953=CARTESIAN_POINT('Vertex',(22.75,21.,40.)) ;
#956=CARTESIAN_POINT('Axis2P3D Location',(21.,21.,40.)) ;
#960=CARTESIAN_POINT('Vertex',(19.25,21.,40.)) ;
#963=CARTESIAN_POINT('Line Origine',(19.25,21.,0.)) ;
#975=CARTESIAN_POINT('Axis2P3D Location',(21.,21.,40.)) ;
#987=CARTESIAN_POINT('Axis2P3D Location',(1.52083732384E-015,29.6984848098,-40.)) ;
#992=CARTESIAN_POINT('Line Origine',(1.23743686708,30.9359216769,0.)) ;
#996=CARTESIAN_POINT('Vertex',(1.23743686708,30.9359216769,40.)) ;
#999=CARTESIAN_POINT('Axis2P3D Location',(1.52083732384E-015,29.6984848098,40.)) ;
#1003=CARTESIAN_POINT('Vertex',(-1.23743686708,28.4610479428,40.)) ;
#1006=CARTESIAN_POINT('Line Origine',(-1.23743686708,28.4610479428,0.)) ;
#1018=CARTESIAN_POINT('Axis2P3D Location',(1.52083732384E-015,29.6984848098,40.)) ;
#1030=CARTESIAN_POINT('Axis2P3D Location',(-21.,21.,-40.)) ;
#1035=CARTESIAN_POINT('Line Origine',(-21.,22.75,0.)) ;
#1039=CARTESIAN_POINT('Vertex',(-21.,22.75,40.)) ;
#1042=CARTESIAN_POINT('Axis2P3D Location',(-21.,21.,40.)) ;
#1046=CARTESIAN_POINT('Vertex',(-21.,19.25,40.)) ;
#1049=CARTESIAN_POINT('Line Origine',(-21.,19.25,0.)) ;
#1061=CARTESIAN_POINT('Axis2P3D Location',(-21.,21.,40.)) ;
#1073=CARTESIAN_POINT('Axis2P3D Location',(-29.6984848098,8.37074516587E-015,-40.)) ;
#1078=CARTESIAN_POINT('Line Origine',(-30.9359216769,1.23743686708,0.)) ;
#1082=CARTESIAN_POINT('Vertex',(-30.9359216769,1.23743686708,40.)) ;
#1085=CARTESIAN_POINT('Axis2P3D Location',(-29.6984848098,8.37074516587E-015,40.)) ;
#1089=CARTESIAN_POINT('Vertex',(-28.4610479428,-1.23743686708,40.)) ;
#1092=CARTESIAN_POINT('Line Origine',(-28.4610479428,-1.23743686708,0.)) ;
#1104=CARTESIAN_POINT('Axis2P3D Location',(-29.6984848098,8.37074516587E-015,40.)) ;
#1116=CARTESIAN_POINT('Line Origine',(31.448,0.,-1.11022302463E-016)) ;
#1120=CARTESIAN_POINT('Vertex',(31.448,-40.,-1.11022302463E-016)) ;
#1123=CARTESIAN_POINT('Axis2P3D Location',(29.698,-40.,-1.11022302463E-016)) ;
#1127=CARTESIAN_POINT('Vertex',(27.948,-40.,1.03290887388E-016)) ;
#1130=CARTESIAN_POINT('Line Origine',(27.948,0.,1.03290887388E-016)) ;
#1142=CARTESIAN_POINT('Axis2P3D Location',(29.698,-40.,-1.11022302463E-016)) ;
#1154=CARTESIAN_POINT('Line Origine',(25.,0.,0.)) ;
#1158=CARTESIAN_POINT('Vertex',(25.,-40.,0.)) ;
#1161=CARTESIAN_POINT('Axis2P3D Location',(2.22044604925E-016,-40.,0.)) ;
#1165=CARTESIAN_POINT('Vertex',(-25.,-40.,3.06161699787E-015)) ;
#1168=CARTESIAN_POINT('Line Origine',(-25.,0.,3.06161699787E-015)) ;
#1180=CARTESIAN_POINT('Axis2P3D Location',(2.22044604925E-016,-40.,0.)) ;
#1192=CARTESIAN_POINT('Axis2P3D Location',(0.,0.,40.)) ;
#1197=CARTESIAN_POINT('Line Origine',(0.,-37.,40.)) ;
#1201=CARTESIAN_POINT('Vertex',(-37.,-37.,40.)) ;
#1203=CARTESIAN_POINT('Vertex',(37.,-37.,40.)) ;
#1206=CARTESIAN_POINT('Line Origine',(37.,0.,40.)) ;
#1210=CARTESIAN_POINT('Vertex',(37.,37.,40.)) ;
#1213=CARTESIAN_POINT('Line Origine',(0.,37.,40.)) ;
#1217=CARTESIAN_POINT('Vertex',(-37.,37.,40.)) ;
#1220=CARTESIAN_POINT('Line Origine',(-37.,0.,40.)) ;
#1268=CARTESIAN_POINT('Axis2P3D Location',(0.,-40.,37.)) ;
#1273=CARTESIAN_POINT('Line Origine',(-37.,-38.5,38.5)) ;
#1277=CARTESIAN_POINT('Vertex',(-37.,-40.,37.)) ;
#1280=CARTESIAN_POINT('Line Origine',(0.,-40.,37.)) ;
#1284=CARTESIAN_POINT('Vertex',(37.,-40.,37.)) ;
#1287=CARTESIAN_POINT('Line Origine',(37.,-38.5,38.5)) ;
#1299=CARTESIAN_POINT('Axis2P3D Location',(40.,-1.5,37.)) ;
#1304=CARTESIAN_POINT('Line Origine',(40.,-1.5,37.)) ;
#1308=CARTESIAN_POINT('Vertex',(40.,-37.,37.)) ;
#1310=CARTESIAN_POINT('Vertex',(40.,37.,37.)) ;
#1313=CARTESIAN_POINT('Line Origine',(38.5,37.,38.5)) ;
#1318=CARTESIAN_POINT('Line Origine',(38.5,-37.,38.5)) ;
#1330=CARTESIAN_POINT('Axis2P3D Location',(0.,40.,37.)) ;
#1335=CARTESIAN_POINT('Line Origine',(-37.,38.5,38.5)) ;
#1339=CARTESIAN_POINT('Vertex',(-37.,40.,37.)) ;
#1342=CARTESIAN_POINT('Line Origine',(37.,38.5,38.5)) ;
#1346=CARTESIAN_POINT('Vertex',(37.,40.,37.)) ;
#1349=CARTESIAN_POINT('Line Origine',(0.,40.,37.)) ;
#1361=CARTESIAN_POINT('Axis2P3D Location',(-40.,-1.5,37.)) ;
#1366=CARTESIAN_POINT('Line Origine',(-38.5,37.,38.5)) ;
#1370=CARTESIAN_POINT('Vertex',(-40.,37.,37.)) ;
#1373=CARTESIAN_POINT('Line Origine',(-40.,-1.5,37.)) ;
#1377=CARTESIAN_POINT('Vertex',(-40.,-37.,37.)) ;
#1380=CARTESIAN_POINT('Line Origine',(-38.5,-37.,38.5)) ;
#1392=CARTESIAN_POINT('Axis2P3D Location',(38.,-38.,38.)) ;
#1397=CARTESIAN_POINT('Line Origine',(38.5,-38.5,37.)) ;
#1408=CARTESIAN_POINT('Axis2P3D Location',(40.,-40.,0.)) ;
#1413=CARTESIAN_POINT('Line Origine',(40.,37.,0.)) ;
#1417=CARTESIAN_POINT('Vertex',(40.,37.,-37.)) ;
#1420=CARTESIAN_POINT('Line Origine',(40.,-37.,0.)) ;
#1424=CARTESIAN_POINT('Vertex',(40.,-37.,-37.)) ;
#1427=CARTESIAN_POINT('Line Origine',(40.,0.,-37.)) ;
#1438=CARTESIAN_POINT('Axis2P3D Location',(40.,-20.9996571877,-20.9996571877)) ;
#1442=CARTESIAN_POINT('Vertex',(40.,-19.7622203206,-19.7622203206)) ;
#1444=CARTESIAN_POINT('Vertex',(40.,-22.2370940548,-22.2370940548)) ;
#1447=CARTESIAN_POINT('Axis2P3D Location',(40.,-20.9996571877,-20.9996571877)) ;
#1456=CARTESIAN_POINT('Axis2P3D Location',(40.,-29.698,0.)) ;
#1460=CARTESIAN_POINT('Vertex',(40.,-31.448,-2.14313189851E-016)) ;
#1462=CARTESIAN_POINT('Vertex',(40.,-27.948,0.)) ;
#1465=CARTESIAN_POINT('Axis2P3D Location',(40.,-29.698,0.)) ;
#1474=CARTESIAN_POINT('Axis2P3D Location',(40.,0.,5.55111512313E-017)) ;
#1478=CARTESIAN_POINT('Vertex',(40.,25.,5.55111512313E-017)) ;
#1480=CARTESIAN_POINT('Vertex',(40.,-25.,3.1171281491E-015)) ;
#1483=CARTESIAN_POINT('Axis2P3D Location',(40.,0.,5.55111512313E-017)) ;
#1492=CARTESIAN_POINT('Axis2P3D Location',(40.,0.,-29.698)) ;
#1496=CARTESIAN_POINT('Vertex',(40.,0.,-27.948)) ;
#1498=CARTESIAN_POINT('Vertex',(40.,0.,-31.448)) ;
#1501=CARTESIAN_POINT('Axis2P3D Location',(40.,0.,-29.698)) ;
#1510=CARTESIAN_POINT('Axis2P3D Location',(40.,20.9996571877,-20.9996571877)) ;
#1514=CARTESIAN_POINT('Vertex',(40.,19.7622203206,-19.7622203206)) ;
#1516=CARTESIAN_POINT('Vertex',(40.,22.2370940548,-22.2370940548)) ;
#1519=CARTESIAN_POINT('Axis2P3D Location',(40.,20.9996571877,-20.9996571877)) ;
#1528=CARTESIAN_POINT('Axis2P3D Location',(40.,29.698,-3.5527136788E-015)) ;
#1532=CARTESIAN_POINT('Vertex',(40.,27.948,-4.11555660619E-015)) ;
#1534=CARTESIAN_POINT('Vertex',(40.,31.448,-3.9813400585E-015)) ;
#1537=CARTESIAN_POINT('Axis2P3D Location',(40.,29.698,-3.5527136788E-015)) ;
#1546=CARTESIAN_POINT('Axis2P3D Location',(40.,20.9996571877,20.9996571877)) ;
#1550=CARTESIAN_POINT('Vertex',(40.,19.7622203206,19.7622203206)) ;
#1552=CARTESIAN_POINT('Vertex',(40.,22.2370940548,22.2370940548)) ;
#1555=CARTESIAN_POINT('Axis2P3D Location',(40.,20.9996571877,20.9996571877)) ;
#1564=CARTESIAN_POINT('Axis2P3D Location',(40.,0.,29.698)) ;
#1568=CARTESIAN_POINT('Vertex',(40.,0.,27.948)) ;
#1570=CARTESIAN_POINT('Vertex',(40.,0.,31.448)) ;
#1573=CARTESIAN_POINT('Axis2P3D Location',(40.,0.,29.698)) ;
#1582=CARTESIAN_POINT('Axis2P3D Location',(40.,-20.9996571877,20.9996571877)) ;
#1586=CARTESIAN_POINT('Vertex',(40.,-19.7622203206,19.7622203206)) ;
#1588=CARTESIAN_POINT('Vertex',(40.,-22.2370940548,22.2370940548)) ;
#1591=CARTESIAN_POINT('Axis2P3D Location',(40.,-20.9996571877,20.9996571877)) ;
#1601=CARTESIAN_POINT('Axis2P3D Location',(-40.,40.,0.)) ;
#1606=CARTESIAN_POINT('Line Origine',(-40.,-37.,7.1054273576E-015)) ;
#1610=CARTESIAN_POINT('Vertex',(-40.,-37.,-37.)) ;
#1613=CARTESIAN_POINT('Line Origine',(-40.,37.,0.)) ;
#1617=CARTESIAN_POINT('Vertex',(-40.,37.,-37.)) ;
#1620=CARTESIAN_POINT('Line Origine',(-40.,0.,-37.)) ;
#1631=CARTESIAN_POINT('Axis2P3D Location',(-40.,-20.9996571877,-20.9996571877)) ;
#1635=CARTESIAN_POINT('Vertex',(-40.,-22.2370940548,-22.2370940548)) ;
#1637=CARTESIAN_POINT('Vertex',(-40.,-19.7622203206,-19.7622203206)) ;
#1640=CARTESIAN_POINT('Axis2P3D Location',(-40.,-20.9996571877,-20.9996571877)) ;
#1649=CARTESIAN_POINT('Axis2P3D Location',(-40.,-29.698,0.)) ;
#1653=CARTESIAN_POINT('Vertex',(-40.,-27.948,0.)) ;
#1655=CARTESIAN_POINT('Vertex',(-40.,-31.448,-2.14313189851E-016)) ;
#1658=CARTESIAN_POINT('Axis2P3D Location',(-40.,-29.698,0.)) ;
#1667=CARTESIAN_POINT('Axis2P3D Location',(-40.,0.,5.55111512313E-017)) ;
#1671=CARTESIAN_POINT('Vertex',(-40.,-25.,3.1171281491E-015)) ;
#1673=CARTESIAN_POINT('Vertex',(-40.,25.,5.55111512313E-017)) ;
#1676=CARTESIAN_POINT('Axis2P3D Location',(-40.,0.,5.55111512313E-017)) ;
#1685=CARTESIAN_POINT('Axis2P3D Location',(-40.,0.,-29.698)) ;
#1689=CARTESIAN_POINT('Vertex',(-40.,0.,-31.448)) ;
#1691=CARTESIAN_POINT('Vertex',(-40.,0.,-27.948)) ;
#1694=CARTESIAN_POINT('Axis2P3D Location',(-40.,0.,-29.698)) ;
#1703=CARTESIAN_POINT('Axis2P3D Location',(-40.,20.9996571877,-20.9996571877)) ;
#1707=CARTESIAN_POINT('Vertex',(-40.,22.2370940548,-22.2370940548)) ;
#1709=CARTESIAN_POINT('Vertex',(-40.,19.7622203206,-19.7622203206)) ;
#1712=CARTESIAN_POINT('Axis2P3D Location',(-40.,20.9996571877,-20.9996571877)) ;
#1721=CARTESIAN_POINT('Axis2P3D Location',(-40.,29.698,-7.1054273576E-015)) ;
#1725=CARTESIAN_POINT('Vertex',(-40.,31.448,-6.46248778805E-015)) ;
#1727=CARTESIAN_POINT('Vertex',(-40.,27.948,-7.5340537373E-015)) ;
#1730=CARTESIAN_POINT('Axis2P3D Location',(-40.,29.698,-7.1054273576E-015)) ;
#1739=CARTESIAN_POINT('Axis2P3D Location',(-40.,20.9996571877,20.9996571877)) ;
#1743=CARTESIAN_POINT('Vertex',(-40.,22.2370940548,22.2370940548)) ;
#1745=CARTESIAN_POINT('Vertex',(-40.,19.7622203206,19.7622203206)) ;
#1748=CARTESIAN_POINT('Axis2P3D Location',(-40.,20.9996571877,20.9996571877)) ;
#1757=CARTESIAN_POINT('Axis2P3D Location',(-40.,7.1054273576E-015,29.698)) ;
#1761=CARTESIAN_POINT('Vertex',(-40.,7.1054273576E-015,31.448)) ;
#1763=CARTESIAN_POINT('Vertex',(-40.,7.1054273576E-015,27.948)) ;
#1766=CARTESIAN_POINT('Axis2P3D Location',(-40.,7.1054273576E-015,29.698)) ;
#1775=CARTESIAN_POINT('Axis2P3D Location',(-40.,-20.9996571877,20.9996571877)) ;
#1779=CARTESIAN_POINT('Vertex',(-40.,-22.2370940548,22.2370940548)) ;
#1781=CARTESIAN_POINT('Vertex',(-40.,-19.7622203206,19.7622203206)) ;
#1784=CARTESIAN_POINT('Axis2P3D Location',(-40.,-20.9996571877,20.9996571877)) ;
#1794=CARTESIAN_POINT('Axis2P3D Location',(37.,-40.,-1.5)) ;
#1799=CARTESIAN_POINT('Line Origine',(38.5,-38.5,-37.)) ;
#1803=CARTESIAN_POINT('Vertex',(37.,-40.,-37.)) ;
#1806=CARTESIAN_POINT('Line Origine',(37.,-40.,-1.5)) ;
#1818=CARTESIAN_POINT('Axis2P3D Location',(37.,40.,0.)) ;
#1823=CARTESIAN_POINT('Line Origine',(37.,40.,0.)) ;
#1827=CARTESIAN_POINT('Vertex',(37.,40.,-37.)) ;
#1830=CARTESIAN_POINT('Line Origine',(38.5,38.5,37.)) ;
#1835=CARTESIAN_POINT('Line Origine',(38.5,38.5,-37.)) ;
#1847=CARTESIAN_POINT('Axis2P3D Location',(37.,-1.5,-40.)) ;
#1852=CARTESIAN_POINT('Line Origine',(37.,-1.5,-40.)) ;
#1856=CARTESIAN_POINT('Vertex',(37.,-37.,-40.)) ;
#1858=CARTESIAN_POINT('Vertex',(37.,37.,-40.)) ;
#1861=CARTESIAN_POINT('Line Origine',(38.5,37.,-38.5)) ;
#1866=CARTESIAN_POINT('Line Origine',(38.5,-37.,-38.5)) ;
#1878=CARTESIAN_POINT('Axis2P3D Location',(-37.,-40.,-1.5)) ;
#1883=CARTESIAN_POINT('Line Origine',(-37.,-40.,-1.5)) ;
#1887=CARTESIAN_POINT('Vertex',(-37.,-40.,-37.)) ;
#1890=CARTESIAN_POINT('Line Origine',(-38.5,-38.5,37.)) ;
#1895=CARTESIAN_POINT('Line Origine',(-38.5,-38.5,-37.)) ;
#1907=CARTESIAN_POINT('Axis2P3D Location',(-37.,0.,-40.)) ;
#1912=CARTESIAN_POINT('Line Origine',(-38.5,37.,-38.5)) ;
#1916=CARTESIAN_POINT('Vertex',(-37.,37.,-40.)) ;
#1919=CARTESIAN_POINT('Line Origine',(-37.,0.,-40.)) ;
#1923=CARTESIAN_POINT('Vertex',(-37.,-37.,-40.)) ;
#1926=CARTESIAN_POINT('Line Origine',(-38.5,-37.,-38.5)) ;
#1938=CARTESIAN_POINT('Axis2P3D Location',(38.,-38.,-38.)) ;
#1943=CARTESIAN_POINT('Line Origine',(37.,-38.5,-38.5)) ;
#1954=CARTESIAN_POINT('Axis2P3D Location',(38.,38.,-38.)) ;
#1959=CARTESIAN_POINT('Line Origine',(37.,38.5,-38.5)) ;
#1970=CARTESIAN_POINT('Axis2P3D Location',(0.,0.,-40.)) ;
#1975=CARTESIAN_POINT('Line Origine',(0.,37.,-40.)) ;
#1980=CARTESIAN_POINT('Line Origine',(0.,-37.,-40.)) ;
#1991=CARTESIAN_POINT('Axis2P3D Location',(-1.7763568394E-015,-29.6984848098,-40.)) ;
#1995=CARTESIAN_POINT('Vertex',(1.23743686708,-28.4610479428,-40.)) ;
#1997=CARTESIAN_POINT('Vertex',(-1.23743686708,-30.9359216769,-40.)) ;
#2000=CARTESIAN_POINT('Axis2P3D Location',(-1.7763568394E-015,-29.6984848098,-40.)) ;
#2009=CARTESIAN_POINT('Axis2P3D Location',(-21.,-21.,-40.)) ;
#2013=CARTESIAN_POINT('Vertex',(-22.75,-21.,-40.)) ;
#2015=CARTESIAN_POINT('Vertex',(-19.25,-21.,-40.)) ;
#2018=CARTESIAN_POINT('Axis2P3D Location',(-21.,-21.,-40.)) ;
#2027=CARTESIAN_POINT('Axis2P3D Location',(0.,0.,-40.)) ;
#2031=CARTESIAN_POINT('Vertex',(25.,0.,-40.)) ;
#2033=CARTESIAN_POINT('Vertex',(-25.,3.06161699787E-015,-40.)) ;
#2036=CARTESIAN_POINT('Axis2P3D Location',(0.,0.,-40.)) ;
#2045=CARTESIAN_POINT('Axis2P3D Location',(21.,-21.,-40.)) ;
#2049=CARTESIAN_POINT('Vertex',(21.,-19.25,-40.)) ;
#2051=CARTESIAN_POINT('Vertex',(21.,-22.75,-40.)) ;
#2054=CARTESIAN_POINT('Axis2P3D Location',(21.,-21.,-40.)) ;
#2063=CARTESIAN_POINT('Axis2P3D Location',(29.6984848098,-1.7763568394E-015,-40.)) ;
#2067=CARTESIAN_POINT('Vertex',(28.4610479428,1.23743686708,-40.)) ;
#2069=CARTESIAN_POINT('Vertex',(30.9359216769,-1.23743686708,-40.)) ;
#2072=CARTESIAN_POINT('Axis2P3D Location',(29.6984848098,-1.7763568394E-015,-40.)) ;
#2081=CARTESIAN_POINT('Axis2P3D Location',(21.,21.,-40.)) ;
#2085=CARTESIAN_POINT('Vertex',(19.25,21.,-40.)) ;
#2087=CARTESIAN_POINT('Vertex',(22.75,21.,-40.)) ;
#2090=CARTESIAN_POINT('Axis2P3D Location',(21.,21.,-40.)) ;
#2099=CARTESIAN_POINT('Axis2P3D Location',(1.52083732384E-015,29.6984848098,-40.)) ;
#2103=CARTESIAN_POINT('Vertex',(-1.23743686708,28.4610479428,-40.)) ;
#2105=CARTESIAN_POINT('Vertex',(1.23743686708,30.9359216769,-40.)) ;
#2108=CARTESIAN_POINT('Axis2P3D Location',(1.52083732384E-015,29.6984848098,-40.)) ;
#2117=CARTESIAN_POINT('Axis2P3D Location',(-21.,21.,-40.)) ;
#2121=CARTESIAN_POINT('Vertex',(-21.,19.25,-40.)) ;
#2123=CARTESIAN_POINT('Vertex',(-21.,22.75,-40.)) ;
#2126=CARTESIAN_POINT('Axis2P3D Location',(-21.,21.,-40.)) ;
#2135=CARTESIAN_POINT('Axis2P3D Location',(-29.6984848098,8.37074516587E-015,-40.)) ;
#2139=CARTESIAN_POINT('Vertex',(-28.4610479428,-1.23743686708,-40.)) ;
#2141=CARTESIAN_POINT('Vertex',(-30.9359216769,1.23743686708,-40.)) ;
#2144=CARTESIAN_POINT('Axis2P3D Location',(-29.6984848098,8.37074516587E-015,-40.)) ;
#2154=CARTESIAN_POINT('Axis2P3D Location',(-38.,-38.,-38.)) ;
#2159=CARTESIAN_POINT('Line Origine',(-37.,-38.5,-38.5)) ;
#2170=CARTESIAN_POINT('Axis2P3D Location',(-38.,38.,-38.)) ;
#2175=CARTESIAN_POINT('Line Origine',(-38.5,38.5,-37.)) ;
#2179=CARTESIAN_POINT('Vertex',(-37.,40.,-37.)) ;
#2182=CARTESIAN_POINT('Line Origine',(-37.,38.5,-38.5)) ;
#2193=CARTESIAN_POINT('Axis2P3D Location',(-1.5,-40.,-37.)) ;
#2198=CARTESIAN_POINT('Line Origine',(-1.5,-40.,-37.)) ;
#2210=CARTESIAN_POINT('Axis2P3D Location',(0.,40.,-37.)) ;
#2215=CARTESIAN_POINT('Line Origine',(0.,40.,-37.)) ;
#2227=CARTESIAN_POINT('Line Origine',(1.23743686708,-28.4610479428,0.)) ;
#2231=CARTESIAN_POINT('Vertex',(1.23743686708,-28.4610479428,-35.)) ;
#2234=CARTESIAN_POINT('Line Origine',(-1.23743686708,-30.9359216769,0.)) ;
#2238=CARTESIAN_POINT('Vertex',(-1.23743686708,-30.9359216769,-35.)) ;
#2241=CARTESIAN_POINT('Axis2P3D Location',(-1.7763568394E-015,-29.6984848098,-35.)) ;
#2253=CARTESIAN_POINT('Axis2P3D Location',(-1.7763568394E-015,-29.6984848098,-35.)) ;
#2265=CARTESIAN_POINT('Line Origine',(-22.75,-21.,0.)) ;
#2269=CARTESIAN_POINT('Vertex',(-22.75,-21.,-35.)) ;
#2272=CARTESIAN_POINT('Line Origine',(-19.25,-21.,0.)) ;
#2276=CARTESIAN_POINT('Vertex',(-19.25,-21.,-35.)) ;
#2279=CARTESIAN_POINT('Axis2P3D Location',(-21.,-21.,-35.)) ;
#2291=CARTESIAN_POINT('Axis2P3D Location',(-21.,-21.,-35.)) ;
#2303=CARTESIAN_POINT('Axis2P3D Location',(0.,0.,-35.)) ;
#2307=CARTESIAN_POINT('Vertex',(-25.,3.06161699787E-015,-35.)) ;
#2309=CARTESIAN_POINT('Vertex',(25.,0.,-35.)) ;
#2312=CARTESIAN_POINT('Line Origine',(25.,-6.12323399574E-015,37.5)) ;
#2317=CARTESIAN_POINT('Line Origine',(-25.,3.06161699787E-015,37.5)) ;
#2329=CARTESIAN_POINT('Axis2P3D Location',(0.,0.,-35.)) ;
#2341=CARTESIAN_POINT('Line Origine',(21.,-19.25,0.)) ;
#2345=CARTESIAN_POINT('Vertex',(21.,-19.25,-35.)) ;
#2348=CARTESIAN_POINT('Line Origine',(21.,-22.75,0.)) ;
#2352=CARTESIAN_POINT('Vertex',(21.,-22.75,-35.)) ;
#2355=CARTESIAN_POINT('Axis2P3D Location',(21.,-21.,-35.)) ;
#2367=CARTESIAN_POINT('Axis2P3D Location',(21.,-21.,-35.)) ;
#2379=CARTESIAN_POINT('Line Origine',(28.4610479428,1.23743686708,0.)) ;
#2383=CARTESIAN_POINT('Vertex',(28.4610479428,1.23743686708,-35.)) ;
#2386=CARTESIAN_POINT('Line Origine',(30.9359216769,-1.23743686708,0.)) ;
#2390=CARTESIAN_POINT('Vertex',(30.9359216769,-1.23743686708,-35.)) ;
#2393=CARTESIAN_POINT('Axis2P3D Location',(29.6984848098,-1.7763568394E-015,-35.)) ;
#2405=CARTESIAN_POINT('Axis2P3D Location',(29.6984848098,-1.7763568394E-015,-35.)) ;
#2417=CARTESIAN_POINT('Line Origine',(19.25,21.,0.)) ;
#2421=CARTESIAN_POINT('Vertex',(19.25,21.,-35.)) ;
#2424=CARTESIAN_POINT('Line Origine',(22.75,21.,0.)) ;
#2428=CARTESIAN_POINT('Vertex',(22.75,21.,-35.)) ;
#2431=CARTESIAN_POINT('Axis2P3D Location',(21.,21.,-35.)) ;
#2443=CARTESIAN_POINT('Axis2P3D Location',(21.,21.,-35.)) ;
#2455=CARTESIAN_POINT('Line Origine',(-1.23743686708,28.4610479428,0.)) ;
#2459=CARTESIAN_POINT('Vertex',(-1.23743686708,28.4610479428,-35.)) ;
#2462=CARTESIAN_POINT('Line Origine',(1.23743686708,30.9359216769,0.)) ;
#2466=CARTESIAN_POINT('Vertex',(1.23743686708,30.9359216769,-35.)) ;
#2469=CARTESIAN_POINT('Axis2P3D Location',(1.52083732384E-015,29.6984848098,-35.)) ;
#2481=CARTESIAN_POINT('Axis2P3D Location',(1.52083732384E-015,29.6984848098,-35.)) ;
#2493=CARTESIAN_POINT('Line Origine',(-21.,19.25,0.)) ;
#2497=CARTESIAN_POINT('Vertex',(-21.,19.25,-35.)) ;
#2500=CARTESIAN_POINT('Line Origine',(-21.,22.75,0.)) ;
#2504=CARTESIAN_POINT('Vertex',(-21.,22.75,-35.)) ;
#2507=CARTESIAN_POINT('Axis2P3D Location',(-21.,21.,-35.)) ;
#2519=CARTESIAN_POINT('Axis2P3D Location',(-21.,21.,-35.)) ;
#2531=CARTESIAN_POINT('Line Origine',(-28.4610479428,-1.23743686708,0.)) ;
#2535=CARTESIAN_POINT('Vertex',(-28.4610479428,-1.23743686708,-35.)) ;
#2538=CARTESIAN_POINT('Line Origine',(-30.9359216769,1.23743686708,0.)) ;
#2542=CARTESIAN_POINT('Vertex',(-30.9359216769,1.23743686708,-35.)) ;
#2545=CARTESIAN_POINT('Axis2P3D Location',(-29.6984848098,8.37074516587E-015,-35.)) ;
#2557=CARTESIAN_POINT('Axis2P3D Location',(-29.6984848098,8.37074516587E-015,-35.)) ;
#2569=CARTESIAN_POINT('Axis2P3D Location',(-37.,40.,0.)) ;
#2574=CARTESIAN_POINT('Line Origine',(-38.5,38.5,37.)) ;
#2579=CARTESIAN_POINT('Line Origine',(-37.,40.,0.)) ;
#2591=CARTESIAN_POINT('Axis2P3D Location',(40.,-20.9996571877,20.9996571877)) ;
#2596=CARTESIAN_POINT('Line Origine',(0.,-22.2370940548,22.2370940548)) ;
#2600=CARTESIAN_POINT('Vertex',(35.,-22.2370940548,22.2370940548)) ;
#2603=CARTESIAN_POINT('Line Origine',(0.,-19.7622203206,19.7622203206)) ;
#2607=CARTESIAN_POINT('Vertex',(35.,-19.7622203206,19.7622203206)) ;
#2610=CARTESIAN_POINT('Axis2P3D Location',(35.,-20.9996571877,20.9996571877)) ;
#2622=CARTESIAN_POINT('Axis2P3D Location',(35.,-20.9996571877,20.9996571877)) ;
#2634=CARTESIAN_POINT('Axis2P3D Location',(40.,6.58514448515E-015,29.698)) ;
#2639=CARTESIAN_POINT('Line Origine',(0.,6.75940935392E-015,31.448)) ;
#2643=CARTESIAN_POINT('Vertex',(35.,7.1054273576E-015,31.448)) ;
#2646=CARTESIAN_POINT('Line Origine',(0.,6.19656642653E-015,27.948)) ;
#2650=CARTESIAN_POINT('Vertex',(35.,7.1054273576E-015,27.948)) ;
#2653=CARTESIAN_POINT('Axis2P3D Location',(35.,6.58514448515E-015,29.698)) ;
#2665=CARTESIAN_POINT('Axis2P3D Location',(35.,6.58514448515E-015,29.698)) ;
#2677=CARTESIAN_POINT('Axis2P3D Location',(40.,20.9996571877,20.9996571877)) ;
#2682=CARTESIAN_POINT('Line Origine',(0.,22.2370940548,22.2370940548)) ;
#2686=CARTESIAN_POINT('Vertex',(35.,22.2370940548,22.2370940548)) ;
#2689=CARTESIAN_POINT('Line Origine',(0.,19.7622203206,19.7622203206)) ;
#2693=CARTESIAN_POINT('Vertex',(35.,19.7622203206,19.7622203206)) ;
#2696=CARTESIAN_POINT('Axis2P3D Location',(35.,20.9996571877,20.9996571877)) ;
#2708=CARTESIAN_POINT('Axis2P3D Location',(35.,20.9996571877,20.9996571877)) ;
#2720=CARTESIAN_POINT('Axis2P3D Location',(40.,29.698,-6.58514448515E-015)) ;
#2725=CARTESIAN_POINT('Line Origine',(0.,31.448,-6.75940935392E-015)) ;
#2729=CARTESIAN_POINT('Vertex',(35.,31.448,-7.1054273576E-015)) ;
#2732=CARTESIAN_POINT('Line Origine',(0.,27.948,-6.19656642653E-015)) ;
#2736=CARTESIAN_POINT('Vertex',(35.,27.948,-7.1054273576E-015)) ;
#2739=CARTESIAN_POINT('Axis2P3D Location',(35.,29.698,-6.58514448515E-015)) ;
#2751=CARTESIAN_POINT('Axis2P3D Location',(35.,29.698,-6.58514448515E-015)) ;
#2763=CARTESIAN_POINT('Axis2P3D Location',(40.,20.9996571877,-20.9996571877)) ;
#2768=CARTESIAN_POINT('Line Origine',(0.,22.2370940548,-22.2370940548)) ;
#2772=CARTESIAN_POINT('Vertex',(35.,22.2370940548,-22.2370940548)) ;
#2775=CARTESIAN_POINT('Line Origine',(0.,19.7622203206,-19.7622203206)) ;
#2779=CARTESIAN_POINT('Vertex',(35.,19.7622203206,-19.7622203206)) ;
#2782=CARTESIAN_POINT('Axis2P3D Location',(35.,20.9996571877,-20.9996571877)) ;
#2794=CARTESIAN_POINT('Axis2P3D Location',(35.,20.9996571877,-20.9996571877)) ;
#2806=CARTESIAN_POINT('Axis2P3D Location',(40.,-1.25607396695E-015,-29.698)) ;
#2811=CARTESIAN_POINT('Line Origine',(0.,-1.0417607771E-015,-31.448)) ;
#2815=CARTESIAN_POINT('Vertex',(35.,7.1054273576E-015,-31.448)) ;
#2818=CARTESIAN_POINT('Line Origine',(0.,-1.25607396695E-015,-27.948)) ;
#2822=CARTESIAN_POINT('Vertex',(35.,0.,-27.948)) ;
#2825=CARTESIAN_POINT('Axis2P3D Location',(35.,-1.25607396695E-015,-29.698)) ;
#2837=CARTESIAN_POINT('Axis2P3D Location',(35.,-1.25607396695E-015,-29.698)) ;
#2849=CARTESIAN_POINT('Axis2P3D Location',(-40.,0.,5.55111512313E-017)) ;
#2854=CARTESIAN_POINT('Line Origine',(0.,-25.,3.1171281491E-015)) ;
#2858=CARTESIAN_POINT('Vertex',(35.,-25.,3.1171281491E-015)) ;
#2861=CARTESIAN_POINT('Line Origine',(0.,25.,-6.06772284451E-015)) ;
#2865=CARTESIAN_POINT('Vertex',(35.,25.,5.55111512313E-017)) ;
#2868=CARTESIAN_POINT('Axis2P3D Location',(35.,0.,5.55111512313E-017)) ;
#2880=CARTESIAN_POINT('Axis2P3D Location',(35.,0.,5.55111512313E-017)) ;
#2892=CARTESIAN_POINT('Axis2P3D Location',(40.,-29.698,0.)) ;
#2897=CARTESIAN_POINT('Line Origine',(0.,-27.948,4.28626379702E-016)) ;
#2901=CARTESIAN_POINT('Vertex',(35.,-27.948,0.)) ;
#2904=CARTESIAN_POINT('Line Origine',(0.,-31.448,-2.14313189851E-016)) ;
#2908=CARTESIAN_POINT('Vertex',(35.,-31.448,-2.14313189851E-016)) ;
#2911=CARTESIAN_POINT('Axis2P3D Location',(35.,-29.698,0.)) ;
#2923=CARTESIAN_POINT('Axis2P3D Location',(35.,-29.698,0.)) ;
#2935=CARTESIAN_POINT('Axis2P3D Location',(40.,-20.9996571877,-20.9996571877)) ;
#2940=CARTESIAN_POINT('Line Origine',(0.,-22.2370940548,-22.2370940548)) ;
#2944=CARTESIAN_POINT('Vertex',(35.,-22.2370940548,-22.2370940548)) ;
#2947=CARTESIAN_POINT('Line Origine',(0.,-19.7622203206,-19.7622203206)) ;
#2951=CARTESIAN_POINT('Vertex',(35.,-19.7622203206,-19.7622203206)) ;
#2954=CARTESIAN_POINT('Axis2P3D Location',(35.,-20.9996571877,-20.9996571877)) ;
#2966=CARTESIAN_POINT('Axis2P3D Location',(35.,-20.9996571877,-20.9996571877)) ;
#2978=CARTESIAN_POINT('Axis2P3D Location',(-38.,38.,38.)) ;
#2989=CARTESIAN_POINT('Axis2P3D Location',(38.,38.,38.)) ;
#3000=CARTESIAN_POINT('Axis2P3D Location',(-38.,-38.,38.)) ;
#3011=CARTESIAN_POINT('Axis2P3D Location',(40.,-40.,0.)) ;
#3022=CARTESIAN_POINT('Axis2P3D Location',(20.9996571877,-40.,-20.9996571877)) ;
#3026=CARTESIAN_POINT('Vertex',(22.2370940548,-40.,-22.2370940548)) ;
#3028=CARTESIAN_POINT('Vertex',(19.7622203206,-40.,-19.7622203206)) ;
#3031=CARTESIAN_POINT('Axis2P3D Location',(20.9996571877,-40.,-20.9996571877)) ;
#3048=CARTESIAN_POINT('Axis2P3D Location',(0.,-40.,-29.698)) ;
#3052=CARTESIAN_POINT('Vertex',(7.1054273576E-015,-40.,-31.448)) ;
#3054=CARTESIAN_POINT('Vertex',(0.,-40.,-27.948)) ;
#3057=CARTESIAN_POINT('Axis2P3D Location',(0.,-40.,-29.698)) ;
#3066=CARTESIAN_POINT('Axis2P3D Location',(-20.9996571877,-40.,-20.9996571877)) ;
#3070=CARTESIAN_POINT('Vertex',(-22.2370940548,-40.,-22.2370940548)) ;
#3072=CARTESIAN_POINT('Vertex',(-19.7622203206,-40.,-19.7622203206)) ;
#3075=CARTESIAN_POINT('Axis2P3D Location',(-20.9996571877,-40.,-20.9996571877)) ;
#3084=CARTESIAN_POINT('Axis2P3D Location',(-29.698,-40.,-3.5527136788E-015)) ;
#3088=CARTESIAN_POINT('Vertex',(-31.448,-40.,-3.9813400585E-015)) ;
#3090=CARTESIAN_POINT('Vertex',(-27.948,-40.,-5.66986884066E-015)) ;
#3093=CARTESIAN_POINT('Axis2P3D Location',(-29.698,-40.,-3.5527136788E-015)) ;
#3102=CARTESIAN_POINT('Axis2P3D Location',(-20.9996571877,-40.,20.9996571877)) ;
#3106=CARTESIAN_POINT('Vertex',(-22.2370940548,-40.,22.2370940548)) ;
#3108=CARTESIAN_POINT('Vertex',(-19.7622203206,-40.,19.7622203206)) ;
#3111=CARTESIAN_POINT('Axis2P3D Location',(-20.9996571877,-40.,20.9996571877)) ;
#3120=CARTESIAN_POINT('Axis2P3D Location',(0.,-40.,29.698)) ;
#3124=CARTESIAN_POINT('Vertex',(0.,-40.,31.448)) ;
#3126=CARTESIAN_POINT('Vertex',(0.,-40.,27.948)) ;
#3129=CARTESIAN_POINT('Axis2P3D Location',(0.,-40.,29.698)) ;
#3138=CARTESIAN_POINT('Axis2P3D Location',(20.9996571877,-40.,20.9996571877)) ;
#3142=CARTESIAN_POINT('Vertex',(22.2370940548,-40.,22.2370940548)) ;
#3144=CARTESIAN_POINT('Vertex',(19.7622203206,-40.,19.7622203206)) ;
#3147=CARTESIAN_POINT('Axis2P3D Location',(20.9996571877,-40.,20.9996571877)) ;
#3157=CARTESIAN_POINT('Line Origine',(0.,-19.7622203206,19.7622203206)) ;
#3162=CARTESIAN_POINT('Line Origine',(0.,-22.2370940548,22.2370940548)) ;
#3181=CARTESIAN_POINT('Line Origine',(0.,6.19656642653E-015,27.948)) ;
#3186=CARTESIAN_POINT('Line Origine',(0.,6.75940935392E-015,31.448)) ;
#3205=CARTESIAN_POINT('Line Origine',(0.,19.7622203206,19.7622203206)) ;
#3210=CARTESIAN_POINT('Line Origine',(0.,22.2370940548,22.2370940548)) ;
#3229=CARTESIAN_POINT('Line Origine',(0.,27.948,-6.19656642653E-015)) ;
#3234=CARTESIAN_POINT('Line Origine',(0.,31.448,-6.75940935392E-015)) ;
#3253=CARTESIAN_POINT('Line Origine',(0.,19.7622203206,-19.7622203206)) ;
#3258=CARTESIAN_POINT('Line Origine',(0.,22.2370940548,-22.2370940548)) ;
#3277=CARTESIAN_POINT('Line Origine',(0.,-1.25607396695E-015,-27.948)) ;
#3282=CARTESIAN_POINT('Line Origine',(0.,-1.0417607771E-015,-31.448)) ;
#3301=CARTESIAN_POINT('Line Origine',(0.,25.,-6.06772284451E-015)) ;
#3306=CARTESIAN_POINT('Line Origine',(0.,-25.,3.1171281491E-015)) ;
#3325=CARTESIAN_POINT('Line Origine',(0.,-31.448,-2.14313189851E-016)) ;
#3330=CARTESIAN_POINT('Line Origine',(0.,-27.948,4.28626379702E-016)) ;
#3349=CARTESIAN_POINT('Line Origine',(0.,-19.7622203206,-19.7622203206)) ;
#3354=CARTESIAN_POINT('Line Origine',(0.,-22.2370940548,-22.2370940548)) ;
#3373=CARTESIAN_POINT('Axis2P3D Location',(0.,0.,-35.)) ;
#3378=CARTESIAN_POINT('Line Origine',(0.,35.,-35.)) ;
#3382=CARTESIAN_POINT('Vertex',(35.,35.,-35.)) ;
#3385=CARTESIAN_POINT('Line Origine',(35.,1.79056769412E-012,-35.)) ;
#3433=CARTESIAN_POINT('Axis2P3D Location',(35.,-35.,40.)) ;
#3438=CARTESIAN_POINT('Line Origine',(35.,35.,0.)) ;
#3486=CARTESIAN_POINT('Axis2P3D Location',(-40.,40.,0.)) ;
#3497=CARTESIAN_POINT('Axis2P3D Location',(20.9996571877,40.,-20.9996571877)) ;
#3501=CARTESIAN_POINT('Vertex',(19.7622203206,40.,-19.7622203206)) ;
#3503=CARTESIAN_POINT('Vertex',(22.2370940548,40.,-22.2370940548)) ;
#3506=CARTESIAN_POINT('Axis2P3D Location',(20.9996571877,40.,-20.9996571877)) ;
#3515=CARTESIAN_POINT('Axis2P3D Location',(29.698,40.,-1.11022302463E-016)) ;
#3528=CARTESIAN_POINT('Axis2P3D Location',(0.,40.,-29.698)) ;
#3532=CARTESIAN_POINT('Vertex',(7.1054273576E-015,40.,-27.948)) ;
#3534=CARTESIAN_POINT('Vertex',(0.,40.,-31.448)) ;
#3537=CARTESIAN_POINT('Axis2P3D Location',(0.,40.,-29.698)) ;
#3546=CARTESIAN_POINT('Axis2P3D Location',(-20.9996571877,40.,-20.9996571877)) ;
#3550=CARTESIAN_POINT('Vertex',(-19.7622203206,40.,-19.7622203206)) ;
#3552=CARTESIAN_POINT('Vertex',(-22.2370940548,40.,-22.2370940548)) ;
#3555=CARTESIAN_POINT('Axis2P3D Location',(-20.9996571877,40.,-20.9996571877)) ;
#3564=CARTESIAN_POINT('Axis2P3D Location',(-29.698,40.,-7.1054273576E-015)) ;
#3568=CARTESIAN_POINT('Vertex',(-27.948,40.,-1.06426782063E-014)) ;
#3570=CARTESIAN_POINT('Vertex',(-31.448,40.,-6.46248778805E-015)) ;
#3573=CARTESIAN_POINT('Axis2P3D Location',(-29.698,40.,-7.1054273576E-015)) ;
#3582=CARTESIAN_POINT('Axis2P3D Location',(-20.9996571877,40.,20.9996571877)) ;
#3586=CARTESIAN_POINT('Vertex',(-19.7622203206,40.,19.7622203206)) ;
#3588=CARTESIAN_POINT('Vertex',(-22.2370940548,40.,22.2370940548)) ;
#3591=CARTESIAN_POINT('Axis2P3D Location',(-20.9996571877,40.,20.9996571877)) ;
#3600=CARTESIAN_POINT('Axis2P3D Location',(-7.1054273576E-015,40.,29.698)) ;
#3604=CARTESIAN_POINT('Vertex',(-7.1054273576E-015,40.,27.948)) ;
#3606=CARTESIAN_POINT('Vertex',(-7.1054273576E-015,40.,31.448)) ;
#3609=CARTESIAN_POINT('Axis2P3D Location',(-7.1054273576E-015,40.,29.698)) ;
#3618=CARTESIAN_POINT('Axis2P3D Location',(20.9996571877,40.,20.9996571877)) ;
#3622=CARTESIAN_POINT('Vertex',(19.7622203206,40.,19.7622203206)) ;
#3624=CARTESIAN_POINT('Vertex',(22.2370940548,40.,22.2370940548)) ;
#3627=CARTESIAN_POINT('Axis2P3D Location',(20.9996571877,40.,20.9996571877)) ;
#3637=CARTESIAN_POINT('Axis2P3D Location',(29.698,35.,-1.11022302463E-016)) ;
#3649=CARTESIAN_POINT('Axis2P3D Location',(-35.,35.,40.)) ;
#3660=CARTESIAN_POINT('Axis2P3D Location',(20.9996571877,35.,-20.9996571877)) ;
#3664=CARTESIAN_POINT('Vertex',(22.2370940548,35.,-22.2370940548)) ;
#3666=CARTESIAN_POINT('Vertex',(19.7622203206,35.,-19.7622203206)) ;
#3669=CARTESIAN_POINT('Axis2P3D Location',(20.9996571877,35.,-20.9996571877)) ;
#3686=CARTESIAN_POINT('Axis2P3D Location',(7.1054273576E-015,35.,-29.698)) ;
#3690=CARTESIAN_POINT('Vertex',(7.1054273576E-015,35.,-31.448)) ;
#3692=CARTESIAN_POINT('Vertex',(7.1054273576E-015,35.,-27.948)) ;
#3695=CARTESIAN_POINT('Axis2P3D Location',(7.1054273576E-015,35.,-29.698)) ;
#3704=CARTESIAN_POINT('Axis2P3D Location',(-20.9996571877,35.,-20.9996571877)) ;
#3708=CARTESIAN_POINT('Vertex',(-22.2370940548,35.,-22.2370940548)) ;
#3710=CARTESIAN_POINT('Vertex',(-19.7622203206,35.,-19.7622203206)) ;
#3713=CARTESIAN_POINT('Axis2P3D Location',(-20.9996571877,35.,-20.9996571877)) ;
#3722=CARTESIAN_POINT('Axis2P3D Location',(-29.698,35.,-2.13162820728E-014)) ;
#3726=CARTESIAN_POINT('Vertex',(-31.448,35.,-2.13162820728E-014)) ;
#3728=CARTESIAN_POINT('Vertex',(-27.948,35.,-2.13162820728E-014)) ;
#3731=CARTESIAN_POINT('Axis2P3D Location',(-29.698,35.,-2.13162820728E-014)) ;
#3740=CARTESIAN_POINT('Axis2P3D Location',(-20.9996571877,35.,20.9996571877)) ;
#3744=CARTESIAN_POINT('Vertex',(-22.2370940548,35.,22.2370940548)) ;
#3746=CARTESIAN_POINT('Vertex',(-19.7622203206,35.,19.7622203206)) ;
#3749=CARTESIAN_POINT('Axis2P3D Location',(-20.9996571877,35.,20.9996571877)) ;
#3758=CARTESIAN_POINT('Axis2P3D Location',(-1.42108547152E-014,35.,29.698)) ;
#3762=CARTESIAN_POINT('Vertex',(-2.13162820728E-014,35.,31.448)) ;
#3764=CARTESIAN_POINT('Vertex',(-1.42108547152E-014,35.,27.948)) ;
#3767=CARTESIAN_POINT('Axis2P3D Location',(-1.42108547152E-014,35.,29.698)) ;
#3776=CARTESIAN_POINT('Axis2P3D Location',(20.9996571877,35.,20.9996571877)) ;
#3780=CARTESIAN_POINT('Vertex',(22.2370940548,35.,22.2370940548)) ;
#3782=CARTESIAN_POINT('Vertex',(19.7622203206,35.,19.7622203206)) ;
#3785=CARTESIAN_POINT('Axis2P3D Location',(20.9996571877,35.,20.9996571877)) ;
#3795=CARTESIAN_POINT('Axis2P3D Location',(20.9996571877,40.,-20.9996571877)) ;
#3800=CARTESIAN_POINT('Line Origine',(22.2370940548,0.,-22.2370940548)) ;
#3805=CARTESIAN_POINT('Line Origine',(19.7622203206,0.,-19.7622203206)) ;
#3824=CARTESIAN_POINT('Line Origine',(19.7622203206,0.,-19.7622203206)) ;
#3829=CARTESIAN_POINT('Line Origine',(22.2370940548,0.,-22.2370940548)) ;
#3848=CARTESIAN_POINT('Axis2P3D Location',(-2.29663971185E-015,40.,-29.698)) ;
#3853=CARTESIAN_POINT('Line Origine',(-2.72526609156E-015,0.,-31.448)) ;
#3858=CARTESIAN_POINT('Line Origine',(-2.082326522E-015,0.,-27.948)) ;
#3877=CARTESIAN_POINT('Line Origine',(-2.082326522E-015,0.,-27.948)) ;
#3882=CARTESIAN_POINT('Line Origine',(-2.72526609156E-015,0.,-31.448)) ;
#3901=CARTESIAN_POINT('Axis2P3D Location',(-20.9996571877,40.,-20.9996571877)) ;
#3906=CARTESIAN_POINT('Line Origine',(-22.2370940548,0.,-22.2370940548)) ;
#3911=CARTESIAN_POINT('Line Origine',(-19.7622203206,0.,-19.7622203206)) ;
#3930=CARTESIAN_POINT('Line Origine',(-19.7622203206,0.,-19.7622203206)) ;
#3935=CARTESIAN_POINT('Line Origine',(-22.2370940548,0.,-22.2370940548)) ;
#3954=CARTESIAN_POINT('Axis2P3D Location',(-29.698,40.,-6.58514448515E-015)) ;
#3959=CARTESIAN_POINT('Line Origine',(-31.448,0.,-6.54509616407E-015)) ;
#3964=CARTESIAN_POINT('Line Origine',(-27.948,0.,-6.41087961638E-015)) ;
#3983=CARTESIAN_POINT('Line Origine',(-27.948,0.,-6.41087961638E-015)) ;
#3988=CARTESIAN_POINT('Line Origine',(-31.448,0.,-6.54509616407E-015)) ;
#4007=CARTESIAN_POINT('Axis2P3D Location',(-20.9996571877,40.,20.9996571877)) ;
#4012=CARTESIAN_POINT('Line Origine',(-22.2370940548,0.,22.2370940548)) ;
#4017=CARTESIAN_POINT('Line Origine',(-19.7622203206,0.,19.7622203206)) ;
#4036=CARTESIAN_POINT('Line Origine',(-19.7622203206,0.,19.7622203206)) ;
#4041=CARTESIAN_POINT('Line Origine',(-22.2370940548,0.,22.2370940548)) ;
#4060=CARTESIAN_POINT('Axis2P3D Location',(-6.58514448515E-015,40.,29.698)) ;
#4065=CARTESIAN_POINT('Line Origine',(-6.54509616407E-015,0.,31.448)) ;
#4070=CARTESIAN_POINT('Line Origine',(-6.41087961638E-015,0.,27.948)) ;
#4089=CARTESIAN_POINT('Line Origine',(-6.41087961638E-015,0.,27.948)) ;
#4094=CARTESIAN_POINT('Line Origine',(-6.54509616407E-015,0.,31.448)) ;
#4113=CARTESIAN_POINT('Axis2P3D Location',(20.9996571877,40.,20.9996571877)) ;
#4118=CARTESIAN_POINT('Line Origine',(22.2370940548,0.,22.2370940548)) ;
#4123=CARTESIAN_POINT('Line Origine',(19.7622203206,0.,19.7622203206)) ;
#4142=CARTESIAN_POINT('Line Origine',(19.7622203206,0.,19.7622203206)) ;
#4147=CARTESIAN_POINT('Line Origine',(22.2370940548,0.,22.2370940548)) ;
#52=DIRECTION('Axis2P3D Direction',(0.,-1.,-0.)) ;
#53=DIRECTION('Axis2P3D XDirection',(1.,0.,0.)) ;
#57=DIRECTION('Vector Direction',(0.,-1.,0.)) ;
#66=DIRECTION('Axis2P3D Direction',(0.,-1.,-0.)) ;
#73=DIRECTION('Vector Direction',(0.,-1.,0.)) ;
#80=DIRECTION('Axis2P3D Direction',(0.,-1.,-0.)) ;
#92=DIRECTION('Axis2P3D Direction',(1.,0.,0.)) ;
#93=DIRECTION('Axis2P3D XDirection',(0.,-1.,0.)) ;
#97=DIRECTION('Vector Direction',(0.,0.,-1.)) ;
#106=DIRECTION('Vector Direction',(0.,1.,0.)) ;
#113=DIRECTION('Vector Direction',(0.,0.,-1.)) ;
#120=DIRECTION('Vector Direction',(0.,1.,0.)) ;
#131=DIRECTION('Axis2P3D Direction',(1.,0.,0.)) ;
#140=DIRECTION('Axis2P3D Direction',(1.,0.,0.)) ;
#149=DIRECTION('Axis2P3D Direction',(1.,0.,0.)) ;
#158=DIRECTION('Axis2P3D Direction',(1.,0.,0.)) ;
#167=DIRECTION('Axis2P3D Direction',(1.,0.,0.)) ;
#176=DIRECTION('Axis2P3D Direction',(1.,0.,0.)) ;
#185=DIRECTION('Axis2P3D Direction',(1.,0.,0.)) ;
#194=DIRECTION('Axis2P3D Direction',(1.,0.,0.)) ;
#203=DIRECTION('Axis2P3D Direction',(1.,0.,0.)) ;
#212=DIRECTION('Axis2P3D Direction',(1.,0.,0.)) ;
#221=DIRECTION('Axis2P3D Direction',(1.,0.,0.)) ;
#230=DIRECTION('Axis2P3D Direction',(1.,0.,0.)) ;
#239=DIRECTION('Axis2P3D Direction',(1.,0.,0.)) ;
#248=DIRECTION('Axis2P3D Direction',(1.,0.,0.)) ;
#257=DIRECTION('Axis2P3D Direction',(1.,0.,0.)) ;
#266=DIRECTION('Axis2P3D Direction',(1.,0.,0.)) ;
#275=DIRECTION('Axis2P3D Direction',(1.,0.,0.)) ;
#284=DIRECTION('Axis2P3D Direction',(1.,0.,0.)) ;
#294=DIRECTION('Axis2P3D Direction',(0.,0.,1.)) ;
#295=DIRECTION('Axis2P3D XDirection',(1.,0.,0.)) ;
#299=DIRECTION('Vector Direction',(0.,-1.,0.)) ;
#308=DIRECTION('Vector Direction',(-1.,0.,0.)) ;
#313=DIRECTION('Vector Direction',(1.,0.,0.)) ;
#324=DIRECTION('Axis2P3D Direction',(0.,0.,1.)) ;
#333=DIRECTION('Axis2P3D Direction',(0.,0.,1.)) ;
#342=DIRECTION('Axis2P3D Direction',(0.,0.,1.)) ;
#351=DIRECTION('Axis2P3D Direction',(0.,0.,1.)) ;
#360=DIRECTION('Axis2P3D Direction',(0.,0.,1.)) ;
#369=DIRECTION('Axis2P3D Direction',(0.,0.,1.)) ;
#378=DIRECTION('Axis2P3D Direction',(0.,0.,1.)) ;
#387=DIRECTION('Axis2P3D Direction',(0.,0.,1.)) ;
#396=DIRECTION('Axis2P3D Direction',(0.,0.,1.)) ;
#405=DIRECTION('Axis2P3D Direction',(0.,0.,1.)) ;
#414=DIRECTION('Axis2P3D Direction',(0.,0.,1.)) ;
#423=DIRECTION('Axis2P3D Direction',(0.,0.,1.)) ;
#432=DIRECTION('Axis2P3D Direction',(0.,0.,1.)) ;
#441=DIRECTION('Axis2P3D Direction',(0.,0.,1.)) ;
#450=DIRECTION('Axis2P3D Direction',(0.,0.,1.)) ;
#459=DIRECTION('Axis2P3D Direction',(0.,0.,1.)) ;
#468=DIRECTION('Axis2P3D Direction',(0.,0.,1.)) ;
#477=DIRECTION('Axis2P3D Direction',(0.,0.,1.)) ;
#487=DIRECTION('Axis2P3D Direction',(0.,-1.,-0.)) ;
#488=DIRECTION('Axis2P3D XDirection',(1.,0.,0.)) ;
#492=DIRECTION('Vector Direction',(0.,-1.,0.)) ;
#501=DIRECTION('Axis2P3D Direction',(0.,-1.,-0.)) ;
#508=DIRECTION('Vector Direction',(0.,-1.,0.)) ;
#515=DIRECTION('Axis2P3D Direction',(0.,-1.,-0.)) ;
#527=DIRECTION('Axis2P3D Direction',(0.,-1.,-0.)) ;
#532=DIRECTION('Axis2P3D Direction',(0.,-1.,-0.)) ;
#544=DIRECTION('Axis2P3D Direction',(-0.,-1.,-0.)) ;
#545=DIRECTION('Axis2P3D XDirection',(-1.,0.,0.)) ;
#549=DIRECTION('Vector Direction',(-1.,0.,0.)) ;
#556=DIRECTION('Vector Direction',(0.,0.,-1.)) ;
#567=DIRECTION('Axis2P3D Direction',(-0.,-1.,-0.)) ;
#576=DIRECTION('Axis2P3D Direction',(-0.,-1.,-0.)) ;
#585=DIRECTION('Axis2P3D Direction',(-0.,-1.,-0.)) ;
#594=DIRECTION('Axis2P3D Direction',(-0.,-1.,-0.)) ;
#603=DIRECTION('Axis2P3D Direction',(-0.,-1.,-0.)) ;
#612=DIRECTION('Axis2P3D Direction',(-0.,-1.,-0.)) ;
#621=DIRECTION('Axis2P3D Direction',(-0.,-1.,-0.)) ;
#630=DIRECTION('Axis2P3D Direction',(-0.,-1.,-0.)) ;
#639=DIRECTION('Axis2P3D Direction',(-0.,-1.,-0.)) ;
#648=DIRECTION('Axis2P3D Direction',(-0.,-1.,-0.)) ;
#657=DIRECTION('Axis2P3D Direction',(-0.,-1.,-0.)) ;
#666=DIRECTION('Axis2P3D Direction',(-0.,-1.,-0.)) ;
#675=DIRECTION('Axis2P3D Direction',(-0.,-1.,-0.)) ;
#684=DIRECTION('Axis2P3D Direction',(-0.,-1.,-0.)) ;
#693=DIRECTION('Axis2P3D Direction',(-0.,-1.,-0.)) ;
#702=DIRECTION('Axis2P3D Direction',(-0.,-1.,-0.)) ;
#711=DIRECTION('Axis2P3D Direction',(-0.,-1.,-0.)) ;
#720=DIRECTION('Axis2P3D Direction',(-0.,-1.,-0.)) ;
#730=DIRECTION('Axis2P3D Direction',(0.,-0.,1.)) ;
#731=DIRECTION('Axis2P3D XDirection',(0.707106781187,0.707106781187,0.)) ;
#735=DIRECTION('Vector Direction',(0.,0.,1.)) ;
#742=DIRECTION('Axis2P3D Direction',(0.,-0.,1.)) ;
#749=DIRECTION('Vector Direction',(0.,0.,1.)) ;
#761=DIRECTION('Axis2P3D Direction',(0.,-0.,1.)) ;
#773=DIRECTION('Axis2P3D Direction',(0.,-0.,1.)) ;
#774=DIRECTION('Axis2P3D XDirection',(1.,0.,0.)) ;
#778=DIRECTION('Vector Direction',(0.,0.,1.)) ;
#785=DIRECTION('Axis2P3D Direction',(0.,-0.,1.)) ;
#792=DIRECTION('Vector Direction',(0.,0.,1.)) ;
#804=DIRECTION('Axis2P3D Direction',(0.,-0.,1.)) ;
#816=DIRECTION('Axis2P3D Direction',(0.,0.,1.)) ;
#817=DIRECTION('Axis2P3D XDirection',(1.,0.,0.)) ;
#821=DIRECTION('Vector Direction',(0.,0.,1.)) ;
#828=DIRECTION('Axis2P3D Direction',(0.,0.,1.)) ;
#835=DIRECTION('Vector Direction',(0.,0.,1.)) ;
#847=DIRECTION('Axis2P3D Direction',(0.,0.,1.)) ;
#859=DIRECTION('Axis2P3D Direction',(0.,-0.,1.)) ;
#860=DIRECTION('Axis2P3D XDirection',(0.,1.,0.)) ;
#864=DIRECTION('Vector Direction',(0.,0.,1.)) ;
#871=DIRECTION('Axis2P3D Direction',(0.,-0.,1.)) ;
#878=DIRECTION('Vector Direction',(0.,0.,1.)) ;
#890=DIRECTION('Axis2P3D Direction',(0.,-0.,1.)) ;
#902=DIRECTION('Axis2P3D Direction',(0.,0.,1.)) ;
#903=DIRECTION('Axis2P3D XDirection',(-0.707106781187,0.707106781187,0.)) ;
#907=DIRECTION('Vector Direction',(0.,0.,1.)) ;
#914=DIRECTION('Axis2P3D Direction',(0.,0.,1.)) ;
#921=DIRECTION('Vector Direction',(0.,0.,1.)) ;
#933=DIRECTION('Axis2P3D Direction',(0.,0.,1.)) ;
#945=DIRECTION('Axis2P3D Direction',(0.,0.,1.)) ;
#946=DIRECTION('Axis2P3D XDirection',(-1.,2.22044604925E-016,0.)) ;
#950=DIRECTION('Vector Direction',(0.,0.,1.)) ;
#957=DIRECTION('Axis2P3D Direction',(0.,0.,1.)) ;
#964=DIRECTION('Vector Direction',(0.,0.,1.)) ;
#976=DIRECTION('Axis2P3D Direction',(0.,0.,1.)) ;
#988=DIRECTION('Axis2P3D Direction',(0.,0.,1.)) ;
#989=DIRECTION('Axis2P3D XDirection',(-0.707106781187,-0.707106781187,0.)) ;
#993=DIRECTION('Vector Direction',(0.,0.,1.)) ;
#1000=DIRECTION('Axis2P3D Direction',(0.,0.,1.)) ;
#1007=DIRECTION('Vector Direction',(0.,0.,1.)) ;
#1019=DIRECTION('Axis2P3D Direction',(0.,0.,1.)) ;
#1031=DIRECTION('Axis2P3D Direction',(0.,0.,1.)) ;
#1032=DIRECTION('Axis2P3D XDirection',(-2.22044604925E-016,-1.,0.)) ;
#1036=DIRECTION('Vector Direction',(0.,0.,1.)) ;
#1043=DIRECTION('Axis2P3D Direction',(0.,0.,1.)) ;
#1050=DIRECTION('Vector Direction',(0.,0.,1.)) ;
#1062=DIRECTION('Axis2P3D Direction',(0.,0.,1.)) ;
#1074=DIRECTION('Axis2P3D Direction',(-0.,0.,1.)) ;
#1075=DIRECTION('Axis2P3D XDirection',(0.707106781187,-0.707106781187,0.)) ;
#1079=DIRECTION('Vector Direction',(0.,0.,1.)) ;
#1086=DIRECTION('Axis2P3D Direction',(-0.,0.,1.)) ;
#1093=DIRECTION('Vector Direction',(0.,0.,1.)) ;
#1105=DIRECTION('Axis2P3D Direction',(-0.,0.,1.)) ;
#1117=DIRECTION('Vector Direction',(0.,-1.,0.)) ;
#1124=DIRECTION('Axis2P3D Direction',(0.,-1.,-0.)) ;
#1131=DIRECTION('Vector Direction',(0.,-1.,0.)) ;
#1143=DIRECTION('Axis2P3D Direction',(0.,-1.,-0.)) ;
#1155=DIRECTION('Vector Direction',(0.,-1.,0.)) ;
#1162=DIRECTION('Axis2P3D Direction',(0.,-1.,-0.)) ;
#1169=DIRECTION('Vector Direction',(0.,-1.,0.)) ;
#1181=DIRECTION('Axis2P3D Direction',(0.,-1.,-0.)) ;
#1193=DIRECTION('Axis2P3D Direction',(0.,0.,1.)) ;
#1194=DIRECTION('Axis2P3D XDirection',(1.,0.,0.)) ;
#1198=DIRECTION('Vector Direction',(-1.,0.,0.)) ;
#1207=DIRECTION('Vector Direction',(0.,1.,0.)) ;
#1214=DIRECTION('Vector Direction',(1.,0.,0.)) ;
#1221=DIRECTION('Vector Direction',(0.,-1.,0.)) ;
#1269=DIRECTION('Axis2P3D Direction',(0.,0.707106781187,-0.707106781187)) ;
#1270=DIRECTION('Axis2P3D XDirection',(-1.,0.,0.)) ;
#1274=DIRECTION('Vector Direction',(0.,0.707106781187,0.707106781187)) ;
#1281=DIRECTION('Vector Direction',(-1.,0.,0.)) ;
#1288=DIRECTION('Vector Direction',(0.,0.707106781187,0.707106781187)) ;
#1300=DIRECTION('Axis2P3D Direction',(0.707106781187,-0.,0.707106781187)) ;
#1301=DIRECTION('Axis2P3D XDirection',(0.,1.,0.)) ;
#1305=DIRECTION('Vector Direction',(0.,1.,0.)) ;
#1314=DIRECTION('Vector Direction',(-0.707106781187,0.,0.707106781187)) ;
#1319=DIRECTION('Vector Direction',(-0.707106781187,0.,0.707106781187)) ;
#1331=DIRECTION('Axis2P3D Direction',(0.,-0.707106781187,-0.707106781187)) ;
#1332=DIRECTION('Axis2P3D XDirection',(1.,0.,0.)) ;
#1336=DIRECTION('Vector Direction',(0.,-0.707106781187,0.707106781187)) ;
#1343=DIRECTION('Vector Direction',(0.,-0.707106781187,0.707106781187)) ;
#1350=DIRECTION('Vector Direction',(1.,0.,0.)) ;
#1362=DIRECTION('Axis2P3D Direction',(-0.707106781187,0.,0.707106781187)) ;
#1363=DIRECTION('Axis2P3D XDirection',(0.,-1.,0.)) ;
#1367=DIRECTION('Vector Direction',(0.707106781187,0.,0.707106781187)) ;
#1374=DIRECTION('Vector Direction',(0.,-1.,0.)) ;
#1381=DIRECTION('Vector Direction',(0.707106781187,0.,0.707106781187)) ;
#1393=DIRECTION('Axis2P3D Direction',(0.57735026919,-0.57735026919,0.57735026919)) ;
#1394=DIRECTION('Axis2P3D XDirection',(0.408248290464,0.816496580928,0.408248290464)) ;
#1398=DIRECTION('Vector Direction',(0.707106781187,0.707106781187,-1.67476528926E-015)) ;
#1409=DIRECTION('Axis2P3D Direction',(1.,0.,0.)) ;
#1410=DIRECTION('Axis2P3D XDirection',(0.,1.,0.)) ;
#1414=DIRECTION('Vector Direction',(0.,0.,1.)) ;
#1421=DIRECTION('Vector Direction',(0.,0.,1.)) ;
#1428=DIRECTION('Vector Direction',(0.,1.,0.)) ;
#1439=DIRECTION('Axis2P3D Direction',(1.,0.,0.)) ;
#1448=DIRECTION('Axis2P3D Direction',(1.,0.,0.)) ;
#1457=DIRECTION('Axis2P3D Direction',(1.,0.,0.)) ;
#1466=DIRECTION('Axis2P3D Direction',(1.,0.,0.)) ;
#1475=DIRECTION('Axis2P3D Direction',(1.,0.,0.)) ;
#1484=DIRECTION('Axis2P3D Direction',(1.,0.,0.)) ;
#1493=DIRECTION('Axis2P3D Direction',(1.,0.,0.)) ;
#1502=DIRECTION('Axis2P3D Direction',(1.,0.,0.)) ;
#1511=DIRECTION('Axis2P3D Direction',(1.,0.,0.)) ;
#1520=DIRECTION('Axis2P3D Direction',(1.,0.,0.)) ;
#1529=DIRECTION('Axis2P3D Direction',(1.,0.,0.)) ;
#1538=DIRECTION('Axis2P3D Direction',(1.,0.,0.)) ;
#1547=DIRECTION('Axis2P3D Direction',(1.,0.,0.)) ;
#1556=DIRECTION('Axis2P3D Direction',(1.,0.,0.)) ;
#1565=DIRECTION('Axis2P3D Direction',(1.,0.,0.)) ;
#1574=DIRECTION('Axis2P3D Direction',(1.,0.,0.)) ;
#1583=DIRECTION('Axis2P3D Direction',(1.,0.,0.)) ;
#1592=DIRECTION('Axis2P3D Direction',(1.,0.,0.)) ;
#1602=DIRECTION('Axis2P3D Direction',(-1.,0.,0.)) ;
#1603=DIRECTION('Axis2P3D XDirection',(0.,-1.,0.)) ;
#1607=DIRECTION('Vector Direction',(0.,0.,1.)) ;
#1614=DIRECTION('Vector Direction',(0.,0.,1.)) ;
#1621=DIRECTION('Vector Direction',(0.,-1.,0.)) ;
#1632=DIRECTION('Axis2P3D Direction',(-1.,0.,0.)) ;
#1641=DIRECTION('Axis2P3D Direction',(-1.,0.,0.)) ;
#1650=DIRECTION('Axis2P3D Direction',(-1.,0.,0.)) ;
#1659=DIRECTION('Axis2P3D Direction',(-1.,0.,0.)) ;
#1668=DIRECTION('Axis2P3D Direction',(-1.,0.,0.)) ;
#1677=DIRECTION('Axis2P3D Direction',(-1.,0.,0.)) ;
#1686=DIRECTION('Axis2P3D Direction',(-1.,0.,0.)) ;
#1695=DIRECTION('Axis2P3D Direction',(-1.,0.,0.)) ;
#1704=DIRECTION('Axis2P3D Direction',(-1.,0.,0.)) ;
#1713=DIRECTION('Axis2P3D Direction',(-1.,0.,0.)) ;
#1722=DIRECTION('Axis2P3D Direction',(-1.,0.,0.)) ;
#1731=DIRECTION('Axis2P3D Direction',(-1.,0.,0.)) ;
#1740=DIRECTION('Axis2P3D Direction',(-1.,0.,0.)) ;
#1749=DIRECTION('Axis2P3D Direction',(-1.,0.,0.)) ;
#1758=DIRECTION('Axis2P3D Direction',(-1.,0.,0.)) ;
#1767=DIRECTION('Axis2P3D Direction',(-1.,0.,0.)) ;
#1776=DIRECTION('Axis2P3D Direction',(-1.,0.,0.)) ;
#1785=DIRECTION('Axis2P3D Direction',(-1.,0.,0.)) ;
#1795=DIRECTION('Axis2P3D Direction',(-0.707106781187,0.707106781187,0.)) ;
#1796=DIRECTION('Axis2P3D XDirection',(0.,0.,1.)) ;
#1800=DIRECTION('Vector Direction',(0.707106781187,0.707106781187,0.)) ;
#1807=DIRECTION('Vector Direction',(0.,0.,1.)) ;
#1819=DIRECTION('Axis2P3D Direction',(0.707106781187,0.707106781187,-0.)) ;
#1820=DIRECTION('Axis2P3D XDirection',(0.,0.,1.)) ;
#1824=DIRECTION('Vector Direction',(0.,0.,1.)) ;
#1831=DIRECTION('Vector Direction',(0.707106781187,-0.707106781187,0.)) ;
#1836=DIRECTION('Vector Direction',(0.707106781187,-0.707106781187,0.)) ;
#1848=DIRECTION('Axis2P3D Direction',(0.707106781187,0.,-0.707106781187)) ;
#1849=DIRECTION('Axis2P3D XDirection',(0.,1.,0.)) ;
#1853=DIRECTION('Vector Direction',(0.,1.,0.)) ;
#1862=DIRECTION('Vector Direction',(0.707106781187,0.,0.707106781187)) ;
#1867=DIRECTION('Vector Direction',(0.707106781187,0.,0.707106781187)) ;
#1879=DIRECTION('Axis2P3D Direction',(-0.707106781187,-0.707106781187,0.)) ;
#1880=DIRECTION('Axis2P3D XDirection',(0.,0.,1.)) ;
#1884=DIRECTION('Vector Direction',(0.,0.,1.)) ;
#1891=DIRECTION('Vector Direction',(-0.707106781187,0.707106781187,0.)) ;
#1896=DIRECTION('Vector Direction',(-0.707106781187,0.707106781187,0.)) ;
#1908=DIRECTION('Axis2P3D Direction',(-0.707106781187,-0.,-0.707106781187)) ;
#1909=DIRECTION('Axis2P3D XDirection',(0.,-1.,0.)) ;
#1913=DIRECTION('Vector Direction',(-0.707106781187,0.,0.707106781187)) ;
#1920=DIRECTION('Vector Direction',(0.,-1.,0.)) ;
#1927=DIRECTION('Vector Direction',(-0.707106781187,0.,0.707106781187)) ;
#1939=DIRECTION('Axis2P3D Direction',(0.57735026919,-0.57735026919,-0.57735026919)) ;
#1940=DIRECTION('Axis2P3D XDirection',(0.408248290464,0.816496580928,-0.408248290464)) ;
#1944=DIRECTION('Vector Direction',(0.,0.707106781187,-0.707106781187)) ;
#1955=DIRECTION('Axis2P3D Direction',(-0.57735026919,-0.57735026919,0.57735026919)) ;
#1956=DIRECTION('Axis2P3D XDirection',(-0.408248290464,0.816496580928,0.408248290464)) ;
#1960=DIRECTION('Vector Direction',(0.,0.707106781187,0.707106781187)) ;
#1971=DIRECTION('Axis2P3D Direction',(0.,0.,1.)) ;
#1972=DIRECTION('Axis2P3D XDirection',(1.,0.,0.)) ;
#1976=DIRECTION('Vector Direction',(1.,0.,0.)) ;
#1981=DIRECTION('Vector Direction',(-1.,0.,0.)) ;
#1992=DIRECTION('Axis2P3D Direction',(0.,0.,1.)) ;
#2001=DIRECTION('Axis2P3D Direction',(0.,0.,1.)) ;
#2010=DIRECTION('Axis2P3D Direction',(0.,0.,1.)) ;
#2019=DIRECTION('Axis2P3D Direction',(0.,0.,1.)) ;
#2028=DIRECTION('Axis2P3D Direction',(0.,0.,1.)) ;
#2037=DIRECTION('Axis2P3D Direction',(0.,0.,1.)) ;
#2046=DIRECTION('Axis2P3D Direction',(0.,0.,1.)) ;
#2055=DIRECTION('Axis2P3D Direction',(0.,0.,1.)) ;
#2064=DIRECTION('Axis2P3D Direction',(0.,0.,1.)) ;
#2073=DIRECTION('Axis2P3D Direction',(0.,0.,1.)) ;
#2082=DIRECTION('Axis2P3D Direction',(0.,0.,1.)) ;
#2091=DIRECTION('Axis2P3D Direction',(0.,0.,1.)) ;
#2100=DIRECTION('Axis2P3D Direction',(0.,0.,1.)) ;
#2109=DIRECTION('Axis2P3D Direction',(0.,0.,1.)) ;
#2118=DIRECTION('Axis2P3D Direction',(0.,0.,1.)) ;
#2127=DIRECTION('Axis2P3D Direction',(0.,0.,1.)) ;
#2136=DIRECTION('Axis2P3D Direction',(0.,0.,1.)) ;
#2145=DIRECTION('Axis2P3D Direction',(0.,0.,1.)) ;
#2155=DIRECTION('Axis2P3D Direction',(0.57735026919,0.57735026919,0.57735026919)) ;
#2156=DIRECTION('Axis2P3D XDirection',(-0.408248290464,0.816496580928,-0.408248290464)) ;
#2160=DIRECTION('Vector Direction',(0.,-0.707106781187,0.707106781187)) ;
#2171=DIRECTION('Axis2P3D Direction',(0.57735026919,-0.57735026919,0.57735026919)) ;
#2172=DIRECTION('Axis2P3D XDirection',(0.408248290464,0.816496580928,0.408248290464)) ;
#2176=DIRECTION('Vector Direction',(0.707106781187,0.707106781187,-1.67476528926E-015)) ;
#2183=DIRECTION('Vector Direction',(1.67476528926E-015,0.707106781187,0.707106781187)) ;
#2194=DIRECTION('Axis2P3D Direction',(-0.,-0.707106781187,-0.707106781187)) ;
#2195=DIRECTION('Axis2P3D XDirection',(-1.,0.,0.)) ;
#2199=DIRECTION('Vector Direction',(-1.,0.,0.)) ;
#2211=DIRECTION('Axis2P3D Direction',(0.,0.707106781187,-0.707106781187)) ;
#2212=DIRECTION('Axis2P3D XDirection',(1.,0.,0.)) ;
#2216=DIRECTION('Vector Direction',(1.,0.,0.)) ;
#2228=DIRECTION('Vector Direction',(0.,0.,1.)) ;
#2235=DIRECTION('Vector Direction',(0.,0.,1.)) ;
#2242=DIRECTION('Axis2P3D Direction',(0.,-0.,1.)) ;
#2254=DIRECTION('Axis2P3D Direction',(0.,-0.,1.)) ;
#2266=DIRECTION('Vector Direction',(0.,0.,1.)) ;
#2273=DIRECTION('Vector Direction',(0.,0.,1.)) ;
#2280=DIRECTION('Axis2P3D Direction',(0.,-0.,1.)) ;
#2292=DIRECTION('Axis2P3D Direction',(0.,-0.,1.)) ;
#2304=DIRECTION('Axis2P3D Direction',(0.,0.,1.)) ;
#2313=DIRECTION('Vector Direction',(0.,0.,1.)) ;
#2318=DIRECTION('Vector Direction',(0.,0.,1.)) ;
#2330=DIRECTION('Axis2P3D Direction',(0.,0.,1.)) ;
#2342=DIRECTION('Vector Direction',(0.,0.,1.)) ;
#2349=DIRECTION('Vector Direction',(0.,0.,1.)) ;
#2356=DIRECTION('Axis2P3D Direction',(0.,-0.,1.)) ;
#2368=DIRECTION('Axis2P3D Direction',(0.,-0.,1.)) ;
#2380=DIRECTION('Vector Direction',(0.,0.,1.)) ;
#2387=DIRECTION('Vector Direction',(0.,0.,1.)) ;
#2394=DIRECTION('Axis2P3D Direction',(0.,0.,1.)) ;
#2406=DIRECTION('Axis2P3D Direction',(0.,0.,1.)) ;
#2418=DIRECTION('Vector Direction',(0.,0.,1.)) ;
#2425=DIRECTION('Vector Direction',(0.,0.,1.)) ;
#2432=DIRECTION('Axis2P3D Direction',(0.,0.,1.)) ;
#2444=DIRECTION('Axis2P3D Direction',(0.,0.,1.)) ;
#2456=DIRECTION('Vector Direction',(0.,0.,1.)) ;
#2463=DIRECTION('Vector Direction',(0.,0.,1.)) ;
#2470=DIRECTION('Axis2P3D Direction',(0.,0.,1.)) ;
#2482=DIRECTION('Axis2P3D Direction',(0.,0.,1.)) ;
#2494=DIRECTION('Vector Direction',(0.,0.,1.)) ;
#2501=DIRECTION('Vector Direction',(0.,0.,1.)) ;
#2508=DIRECTION('Axis2P3D Direction',(0.,0.,1.)) ;
#2520=DIRECTION('Axis2P3D Direction',(0.,0.,1.)) ;
#2532=DIRECTION('Vector Direction',(0.,0.,1.)) ;
#2539=DIRECTION('Vector Direction',(0.,0.,1.)) ;
#2546=DIRECTION('Axis2P3D Direction',(-0.,0.,1.)) ;
#2558=DIRECTION('Axis2P3D Direction',(-0.,0.,1.)) ;
#2570=DIRECTION('Axis2P3D Direction',(0.707106781187,-0.707106781187,0.)) ;
#2571=DIRECTION('Axis2P3D XDirection',(0.,0.,1.)) ;
#2575=DIRECTION('Vector Direction',(-0.707106781187,-0.707106781187,0.)) ;
#2580=DIRECTION('Vector Direction',(0.,0.,1.)) ;
#2592=DIRECTION('Axis2P3D Direction',(-1.,0.,-0.)) ;
#2593=DIRECTION('Axis2P3D XDirection',(0.,0.707106781187,-0.707106781187)) ;
#2597=DIRECTION('Vector Direction',(-1.,0.,0.)) ;
#2604=DIRECTION('Vector Direction',(-1.,0.,0.)) ;
#2611=DIRECTION('Axis2P3D Direction',(-1.,0.,-0.)) ;
#2623=DIRECTION('Axis2P3D Direction',(-1.,0.,-0.)) ;
#2635=DIRECTION('Axis2P3D Direction',(-1.,-0.,0.)) ;
#2636=DIRECTION('Axis2P3D XDirection',(0.,-2.22044604925E-016,-1.)) ;
#2640=DIRECTION('Vector Direction',(-1.,0.,0.)) ;
#2647=DIRECTION('Vector Direction',(-1.,0.,0.)) ;
#2654=DIRECTION('Axis2P3D Direction',(-1.,-0.,0.)) ;
#2666=DIRECTION('Axis2P3D Direction',(-1.,-0.,0.)) ;
#2678=DIRECTION('Axis2P3D Direction',(-1.,-0.,0.)) ;
#2679=DIRECTION('Axis2P3D XDirection',(0.,-0.707106781187,-0.707106781187)) ;
#2683=DIRECTION('Vector Direction',(-1.,0.,0.)) ;
#2690=DIRECTION('Vector Direction',(-1.,0.,0.)) ;
#2697=DIRECTION('Axis2P3D Direction',(-1.,-0.,0.)) ;
#2709=DIRECTION('Axis2P3D Direction',(-1.,-0.,0.)) ;
#2721=DIRECTION('Axis2P3D Direction',(-1.,0.,0.)) ;
#2722=DIRECTION('Axis2P3D XDirection',(0.,-1.,2.22044604925E-016)) ;
#2726=DIRECTION('Vector Direction',(-1.,0.,0.)) ;
#2733=DIRECTION('Vector Direction',(-1.,0.,0.)) ;
#2740=DIRECTION('Axis2P3D Direction',(-1.,0.,0.)) ;
#2752=DIRECTION('Axis2P3D Direction',(-1.,0.,0.)) ;
#2764=DIRECTION('Axis2P3D Direction',(-1.,0.,0.)) ;
#2765=DIRECTION('Axis2P3D XDirection',(0.,-0.707106781187,0.707106781187)) ;
#2769=DIRECTION('Vector Direction',(-1.,0.,0.)) ;
#2776=DIRECTION('Vector Direction',(-1.,0.,0.)) ;
#2783=DIRECTION('Axis2P3D Direction',(-1.,0.,0.)) ;
#2795=DIRECTION('Axis2P3D Direction',(-1.,0.,0.)) ;
#2807=DIRECTION('Axis2P3D Direction',(-1.,0.,0.)) ;
#2808=DIRECTION('Axis2P3D XDirection',(0.,0.,1.)) ;
#2812=DIRECTION('Vector Direction',(-1.,0.,0.)) ;
#2819=DIRECTION('Vector Direction',(-1.,0.,0.)) ;
#2826=DIRECTION('Axis2P3D Direction',(-1.,0.,0.)) ;
#2838=DIRECTION('Axis2P3D Direction',(-1.,0.,0.)) ;
#2850=DIRECTION('Axis2P3D Direction',(1.,0.,-0.)) ;
#2851=DIRECTION('Axis2P3D XDirection',(0.,1.,0.)) ;
#2855=DIRECTION('Vector Direction',(1.,0.,0.)) ;
#2862=DIRECTION('Vector Direction',(1.,0.,0.)) ;
#2869=DIRECTION('Axis2P3D Direction',(1.,0.,-0.)) ;
#2881=DIRECTION('Axis2P3D Direction',(1.,0.,-0.)) ;
#2893=DIRECTION('Axis2P3D Direction',(-1.,0.,-0.)) ;
#2894=DIRECTION('Axis2P3D XDirection',(0.,1.,0.)) ;
#2898=DIRECTION('Vector Direction',(-1.,0.,0.)) ;
#2905=DIRECTION('Vector Direction',(-1.,0.,0.)) ;
#2912=DIRECTION('Axis2P3D Direction',(-1.,0.,-0.)) ;
#2924=DIRECTION('Axis2P3D Direction',(-1.,0.,-0.)) ;
#2936=DIRECTION('Axis2P3D Direction',(-1.,0.,0.)) ;
#2937=DIRECTION('Axis2P3D XDirection',(0.,0.707106781187,0.707106781187)) ;
#2941=DIRECTION('Vector Direction',(-1.,0.,0.)) ;
#2948=DIRECTION('Vector Direction',(-1.,0.,0.)) ;
#2955=DIRECTION('Axis2P3D Direction',(-1.,0.,0.)) ;
#2967=DIRECTION('Axis2P3D Direction',(-1.,0.,0.)) ;
#2979=DIRECTION('Axis2P3D Direction',(0.57735026919,-0.57735026919,-0.57735026919)) ;
#2980=DIRECTION('Axis2P3D XDirection',(0.408248290464,0.816496580928,-0.408248290464)) ;
#2990=DIRECTION('Axis2P3D Direction',(-0.57735026919,-0.57735026919,-0.57735026919)) ;
#2991=DIRECTION('Axis2P3D XDirection',(-0.408248290464,0.816496580928,-0.408248290464)) ;
#3001=DIRECTION('Axis2P3D Direction',(0.57735026919,0.57735026919,-0.57735026919)) ;
#3002=DIRECTION('Axis2P3D XDirection',(-0.408248290464,0.816496580928,0.408248290464)) ;
#3012=DIRECTION('Axis2P3D Direction',(0.,1.,-0.)) ;
#3013=DIRECTION('Axis2P3D XDirection',(-1.,0.,0.)) ;
#3023=DIRECTION('Axis2P3D Direction',(0.,1.,-0.)) ;
#3032=DIRECTION('Axis2P3D Direction',(0.,1.,-0.)) ;
#3049=DIRECTION('Axis2P3D Direction',(0.,1.,-0.)) ;
#3058=DIRECTION('Axis2P3D Direction',(0.,1.,-0.)) ;
#3067=DIRECTION('Axis2P3D Direction',(0.,1.,-0.)) ;
#3076=DIRECTION('Axis2P3D Direction',(0.,1.,-0.)) ;
#3085=DIRECTION('Axis2P3D Direction',(0.,1.,-0.)) ;
#3094=DIRECTION('Axis2P3D Direction',(0.,1.,-0.)) ;
#3103=DIRECTION('Axis2P3D Direction',(0.,1.,-0.)) ;
#3112=DIRECTION('Axis2P3D Direction',(0.,1.,-0.)) ;
#3121=DIRECTION('Axis2P3D Direction',(0.,1.,-0.)) ;
#3130=DIRECTION('Axis2P3D Direction',(0.,1.,-0.)) ;
#3139=DIRECTION('Axis2P3D Direction',(0.,1.,-0.)) ;
#3148=DIRECTION('Axis2P3D Direction',(0.,1.,-0.)) ;
#3158=DIRECTION('Vector Direction',(-1.,0.,0.)) ;
#3163=DIRECTION('Vector Direction',(-1.,0.,0.)) ;
#3182=DIRECTION('Vector Direction',(-1.,0.,0.)) ;
#3187=DIRECTION('Vector Direction',(-1.,0.,0.)) ;
#3206=DIRECTION('Vector Direction',(-1.,0.,0.)) ;
#3211=DIRECTION('Vector Direction',(-1.,0.,0.)) ;
#3230=DIRECTION('Vector Direction',(-1.,0.,0.)) ;
#3235=DIRECTION('Vector Direction',(-1.,0.,0.)) ;
#3254=DIRECTION('Vector Direction',(-1.,0.,0.)) ;
#3259=DIRECTION('Vector Direction',(-1.,0.,0.)) ;
#3278=DIRECTION('Vector Direction',(-1.,0.,0.)) ;
#3283=DIRECTION('Vector Direction',(-1.,0.,0.)) ;
#3302=DIRECTION('Vector Direction',(1.,0.,0.)) ;
#3307=DIRECTION('Vector Direction',(1.,0.,0.)) ;
#3326=DIRECTION('Vector Direction',(-1.,0.,0.)) ;
#3331=DIRECTION('Vector Direction',(-1.,0.,0.)) ;
#3350=DIRECTION('Vector Direction',(-1.,0.,0.)) ;
#3355=DIRECTION('Vector Direction',(-1.,0.,0.)) ;
#3374=DIRECTION('Axis2P3D Direction',(0.,0.,1.)) ;
#3375=DIRECTION('Axis2P3D XDirection',(1.,0.,0.)) ;
#3379=DIRECTION('Vector Direction',(1.,0.,0.)) ;
#3386=DIRECTION('Vector Direction',(0.,-1.,0.)) ;
#3434=DIRECTION('Axis2P3D Direction',(-1.,0.,0.)) ;
#3435=DIRECTION('Axis2P3D XDirection',(0.,1.,0.)) ;
#3439=DIRECTION('Vector Direction',(0.,0.,-1.)) ;
#3487=DIRECTION('Axis2P3D Direction',(0.,-1.,0.)) ;
#3488=DIRECTION('Axis2P3D XDirection',(1.,0.,0.)) ;
#3498=DIRECTION('Axis2P3D Direction',(0.,-1.,0.)) ;
#3507=DIRECTION('Axis2P3D Direction',(0.,-1.,0.)) ;
#3516=DIRECTION('Axis2P3D Direction',(0.,-1.,0.)) ;
#3529=DIRECTION('Axis2P3D Direction',(0.,-1.,0.)) ;
#3538=DIRECTION('Axis2P3D Direction',(0.,-1.,0.)) ;
#3547=DIRECTION('Axis2P3D Direction',(0.,-1.,0.)) ;
#3556=DIRECTION('Axis2P3D Direction',(0.,-1.,0.)) ;
#3565=DIRECTION('Axis2P3D Direction',(0.,-1.,0.)) ;
#3574=DIRECTION('Axis2P3D Direction',(0.,-1.,0.)) ;
#3583=DIRECTION('Axis2P3D Direction',(0.,-1.,0.)) ;
#3592=DIRECTION('Axis2P3D Direction',(0.,-1.,0.)) ;
#3601=DIRECTION('Axis2P3D Direction',(0.,-1.,0.)) ;
#3610=DIRECTION('Axis2P3D Direction',(0.,-1.,0.)) ;
#3619=DIRECTION('Axis2P3D Direction',(0.,-1.,0.)) ;
#3628=DIRECTION('Axis2P3D Direction',(0.,-1.,0.)) ;
#3638=DIRECTION('Axis2P3D Direction',(0.,-1.,-0.)) ;
#3650=DIRECTION('Axis2P3D Direction',(-0.,1.,0.)) ;
#3651=DIRECTION('Axis2P3D XDirection',(1.,0.,0.)) ;
#3661=DIRECTION('Axis2P3D Direction',(-0.,1.,0.)) ;
#3670=DIRECTION('Axis2P3D Direction',(-0.,1.,0.)) ;
#3687=DIRECTION('Axis2P3D Direction',(-0.,1.,0.)) ;
#3696=DIRECTION('Axis2P3D Direction',(-0.,1.,0.)) ;
#3705=DIRECTION('Axis2P3D Direction',(-0.,1.,0.)) ;
#3714=DIRECTION('Axis2P3D Direction',(-0.,1.,0.)) ;
#3723=DIRECTION('Axis2P3D Direction',(-0.,1.,0.)) ;
#3732=DIRECTION('Axis2P3D Direction',(-0.,1.,0.)) ;
#3741=DIRECTION('Axis2P3D Direction',(-0.,1.,0.)) ;
#3750=DIRECTION('Axis2P3D Direction',(-0.,1.,0.)) ;
#3759=DIRECTION('Axis2P3D Direction',(-0.,1.,0.)) ;
#3768=DIRECTION('Axis2P3D Direction',(-0.,1.,0.)) ;
#3777=DIRECTION('Axis2P3D Direction',(-0.,1.,0.)) ;
#3786=DIRECTION('Axis2P3D Direction',(-0.,1.,0.)) ;
#3796=DIRECTION('Axis2P3D Direction',(0.,-1.,0.)) ;
#3797=DIRECTION('Axis2P3D XDirection',(0.707106781187,0.,-0.707106781187)) ;
#3801=DIRECTION('Vector Direction',(0.,-1.,0.)) ;
#3806=DIRECTION('Vector Direction',(0.,-1.,0.)) ;
#3825=DIRECTION('Vector Direction',(0.,-1.,0.)) ;
#3830=DIRECTION('Vector Direction',(0.,-1.,0.)) ;
#3849=DIRECTION('Axis2P3D Direction',(0.,-1.,0.)) ;
#3850=DIRECTION('Axis2P3D XDirection',(0.,0.,-1.)) ;
#3854=DIRECTION('Vector Direction',(0.,-1.,0.)) ;
#3859=DIRECTION('Vector Direction',(0.,-1.,0.)) ;
#3878=DIRECTION('Vector Direction',(0.,-1.,0.)) ;
#3883=DIRECTION('Vector Direction',(0.,-1.,0.)) ;
#3902=DIRECTION('Axis2P3D Direction',(0.,-1.,-0.)) ;
#3903=DIRECTION('Axis2P3D XDirection',(-0.707106781187,0.,-0.707106781187)) ;
#3907=DIRECTION('Vector Direction',(0.,-1.,0.)) ;
#3912=DIRECTION('Vector Direction',(0.,-1.,0.)) ;
#3931=DIRECTION('Vector Direction',(0.,-1.,0.)) ;
#3936=DIRECTION('Vector Direction',(0.,-1.,0.)) ;
#3955=DIRECTION('Axis2P3D Direction',(0.,-1.,-0.)) ;
#3956=DIRECTION('Axis2P3D XDirection',(-1.,0.,-2.22044604925E-016)) ;
#3960=DIRECTION('Vector Direction',(0.,-1.,0.)) ;
#3965=DIRECTION('Vector Direction',(0.,-1.,0.)) ;
#3984=DIRECTION('Vector Direction',(0.,-1.,0.)) ;
#3989=DIRECTION('Vector Direction',(0.,-1.,0.)) ;
#4008=DIRECTION('Axis2P3D Direction',(-0.,-1.,0.)) ;
#4009=DIRECTION('Axis2P3D XDirection',(-0.707106781187,0.,0.707106781187)) ;
#4013=DIRECTION('Vector Direction',(0.,-1.,0.)) ;
#4018=DIRECTION('Vector Direction',(0.,-1.,0.)) ;
#4037=DIRECTION('Vector Direction',(0.,-1.,0.)) ;
#4042=DIRECTION('Vector Direction',(0.,-1.,0.)) ;
#4061=DIRECTION('Axis2P3D Direction',(-0.,-1.,0.)) ;
#4062=DIRECTION('Axis2P3D XDirection',(-2.22044604925E-016,0.,1.)) ;
#4066=DIRECTION('Vector Direction',(0.,-1.,0.)) ;
#4071=DIRECTION('Vector Direction',(0.,-1.,0.)) ;
#4090=DIRECTION('Vector Direction',(0.,-1.,0.)) ;
#4095=DIRECTION('Vector Direction',(0.,-1.,0.)) ;
#4114=DIRECTION('Axis2P3D Direction',(0.,-1.,0.)) ;
#4115=DIRECTION('Axis2P3D XDirection',(0.707106781187,0.,0.707106781187)) ;
#4119=DIRECTION('Vector Direction',(0.,-1.,0.)) ;
#4124=DIRECTION('Vector Direction',(0.,-1.,0.)) ;
#4143=DIRECTION('Vector Direction',(0.,-1.,0.)) ;
#4148=DIRECTION('Vector Direction',(0.,-1.,0.)) ;
#47=AXIS2_PLACEMENT_3D(' ',#46,$,$) ;
#54=AXIS2_PLACEMENT_3D('Cylinder Axis2P3D',#51,#52,#53) ;
#67=AXIS2_PLACEMENT_3D('Circle Axis2P3D',#65,#66,$) ;
#81=AXIS2_PLACEMENT_3D('Circle Axis2P3D',#79,#80,$) ;
#94=AXIS2_PLACEMENT_3D('Plane Axis2P3D',#91,#92,#93) ;
#132=AXIS2_PLACEMENT_3D('Circle Axis2P3D',#130,#131,$) ;
#141=AXIS2_PLACEMENT_3D('Circle Axis2P3D',#139,#140,$) ;
#150=AXIS2_PLACEMENT_3D('Circle Axis2P3D',#148,#149,$) ;
#159=AXIS2_PLACEMENT_3D('Circle Axis2P3D',#157,#158,$) ;
#168=AXIS2_PLACEMENT_3D('Circle Axis2P3D',#166,#167,$) ;
#177=AXIS2_PLACEMENT_3D('Circle Axis2P3D',#175,#176,$) ;
#186=AXIS2_PLACEMENT_3D('Circle Axis2P3D',#184,#185,$) ;
#195=AXIS2_PLACEMENT_3D('Circle Axis2P3D',#193,#194,$) ;
#204=AXIS2_PLACEMENT_3D('Circle Axis2P3D',#202,#203,$) ;
#213=AXIS2_PLACEMENT_3D('Circle Axis2P3D',#211,#212,$) ;
#222=AXIS2_PLACEMENT_3D('Circle Axis2P3D',#220,#221,$) ;
#231=AXIS2_PLACEMENT_3D('Circle Axis2P3D',#229,#230,$) ;
#240=AXIS2_PLACEMENT_3D('Circle Axis2P3D',#238,#239,$) ;
#249=AXIS2_PLACEMENT_3D('Circle Axis2P3D',#247,#248,$) ;
#258=AXIS2_PLACEMENT_3D('Circle Axis2P3D',#256,#257,$) ;
#267=AXIS2_PLACEMENT_3D('Circle Axis2P3D',#265,#266,$) ;
#276=AXIS2_PLACEMENT_3D('Circle Axis2P3D',#274,#275,$) ;
#285=AXIS2_PLACEMENT_3D('Circle Axis2P3D',#283,#284,$) ;
#296=AXIS2_PLACEMENT_3D('Plane Axis2P3D',#293,#294,#295) ;
#325=AXIS2_PLACEMENT_3D('Circle Axis2P3D',#323,#324,$) ;
#334=AXIS2_PLACEMENT_3D('Circle Axis2P3D',#332,#333,$) ;
#343=AXIS2_PLACEMENT_3D('Circle Axis2P3D',#341,#342,$) ;
#352=AXIS2_PLACEMENT_3D('Circle Axis2P3D',#350,#351,$) ;
#361=AXIS2_PLACEMENT_3D('Circle Axis2P3D',#359,#360,$) ;
#370=AXIS2_PLACEMENT_3D('Circle Axis2P3D',#368,#369,$) ;
#379=AXIS2_PLACEMENT_3D('Circle Axis2P3D',#377,#378,$) ;
#388=AXIS2_PLACEMENT_3D('Circle Axis2P3D',#386,#387,$) ;
#397=AXIS2_PLACEMENT_3D('Circle Axis2P3D',#395,#396,$) ;
#406=AXIS2_PLACEMENT_3D('Circle Axis2P3D',#404,#405,$) ;
#415=AXIS2_PLACEMENT_3D('Circle Axis2P3D',#413,#414,$) ;
#424=AXIS2_PLACEMENT_3D('Circle Axis2P3D',#422,#423,$) ;
#433=AXIS2_PLACEMENT_3D('Circle Axis2P3D',#431,#432,$) ;
#442=AXIS2_PLACEMENT_3D('Circle Axis2P3D',#440,#441,$) ;
#451=AXIS2_PLACEMENT_3D('Circle Axis2P3D',#449,#450,$) ;
#460=AXIS2_PLACEMENT_3D('Circle Axis2P3D',#458,#459,$) ;
#469=AXIS2_PLACEMENT_3D('Circle Axis2P3D',#467,#468,$) ;
#478=AXIS2_PLACEMENT_3D('Circle Axis2P3D',#476,#477,$) ;
#489=AXIS2_PLACEMENT_3D('Cylinder Axis2P3D',#486,#487,#488) ;
#502=AXIS2_PLACEMENT_3D('Circle Axis2P3D',#500,#501,$) ;
#516=AXIS2_PLACEMENT_3D('Circle Axis2P3D',#514,#515,$) ;
#528=AXIS2_PLACEMENT_3D('Circle Axis2P3D',#526,#527,$) ;
#533=AXIS2_PLACEMENT_3D('Circle Axis2P3D',#531,#532,$) ;
#546=AXIS2_PLACEMENT_3D('Plane Axis2P3D',#543,#544,#545) ;
#568=AXIS2_PLACEMENT_3D('Circle Axis2P3D',#566,#567,$) ;
#577=AXIS2_PLACEMENT_3D('Circle Axis2P3D',#575,#576,$) ;
#586=AXIS2_PLACEMENT_3D('Circle Axis2P3D',#584,#585,$) ;
#595=AXIS2_PLACEMENT_3D('Circle Axis2P3D',#593,#594,$) ;
#604=AXIS2_PLACEMENT_3D('Circle Axis2P3D',#602,#603,$) ;
#613=AXIS2_PLACEMENT_3D('Circle Axis2P3D',#611,#612,$) ;
#622=AXIS2_PLACEMENT_3D('Circle Axis2P3D',#620,#621,$) ;
#631=AXIS2_PLACEMENT_3D('Circle Axis2P3D',#629,#630,$) ;
#640=AXIS2_PLACEMENT_3D('Circle Axis2P3D',#638,#639,$) ;
#649=AXIS2_PLACEMENT_3D('Circle Axis2P3D',#647,#648,$) ;
#658=AXIS2_PLACEMENT_3D('Circle Axis2P3D',#656,#657,$) ;
#667=AXIS2_PLACEMENT_3D('Circle Axis2P3D',#665,#666,$) ;
#676=AXIS2_PLACEMENT_3D('Circle Axis2P3D',#674,#675,$) ;
#685=AXIS2_PLACEMENT_3D('Circle Axis2P3D',#683,#684,$) ;
#694=AXIS2_PLACEMENT_3D('Circle Axis2P3D',#692,#693,$) ;
#703=AXIS2_PLACEMENT_3D('Circle Axis2P3D',#701,#702,$) ;
#712=AXIS2_PLACEMENT_3D('Circle Axis2P3D',#710,#711,$) ;
#721=AXIS2_PLACEMENT_3D('Circle Axis2P3D',#719,#720,$) ;
#732=AXIS2_PLACEMENT_3D('Cylinder Axis2P3D',#729,#730,#731) ;
#743=AXIS2_PLACEMENT_3D('Circle Axis2P3D',#741,#742,$) ;
#762=AXIS2_PLACEMENT_3D('Circle Axis2P3D',#760,#761,$) ;
#775=AXIS2_PLACEMENT_3D('Cylinder Axis2P3D',#772,#773,#774) ;
#786=AXIS2_PLACEMENT_3D('Circle Axis2P3D',#784,#785,$) ;
#805=AXIS2_PLACEMENT_3D('Circle Axis2P3D',#803,#804,$) ;
#818=AXIS2_PLACEMENT_3D('Cylinder Axis2P3D',#815,#816,#817) ;
#829=AXIS2_PLACEMENT_3D('Circle Axis2P3D',#827,#828,$) ;
#848=AXIS2_PLACEMENT_3D('Circle Axis2P3D',#846,#847,$) ;
#861=AXIS2_PLACEMENT_3D('Cylinder Axis2P3D',#858,#859,#860) ;
#872=AXIS2_PLACEMENT_3D('Circle Axis2P3D',#870,#871,$) ;
#891=AXIS2_PLACEMENT_3D('Circle Axis2P3D',#889,#890,$) ;
#904=AXIS2_PLACEMENT_3D('Cylinder Axis2P3D',#901,#902,#903) ;
#915=AXIS2_PLACEMENT_3D('Circle Axis2P3D',#913,#914,$) ;
#934=AXIS2_PLACEMENT_3D('Circle Axis2P3D',#932,#933,$) ;
#947=AXIS2_PLACEMENT_3D('Cylinder Axis2P3D',#944,#945,#946) ;
#958=AXIS2_PLACEMENT_3D('Circle Axis2P3D',#956,#957,$) ;
#977=AXIS2_PLACEMENT_3D('Circle Axis2P3D',#975,#976,$) ;
#990=AXIS2_PLACEMENT_3D('Cylinder Axis2P3D',#987,#988,#989) ;
#1001=AXIS2_PLACEMENT_3D('Circle Axis2P3D',#999,#1000,$) ;
#1020=AXIS2_PLACEMENT_3D('Circle Axis2P3D',#1018,#1019,$) ;
#1033=AXIS2_PLACEMENT_3D('Cylinder Axis2P3D',#1030,#1031,#1032) ;
#1044=AXIS2_PLACEMENT_3D('Circle Axis2P3D',#1042,#1043,$) ;
#1063=AXIS2_PLACEMENT_3D('Circle Axis2P3D',#1061,#1062,$) ;
#1076=AXIS2_PLACEMENT_3D('Cylinder Axis2P3D',#1073,#1074,#1075) ;
#1087=AXIS2_PLACEMENT_3D('Circle Axis2P3D',#1085,#1086,$) ;
#1106=AXIS2_PLACEMENT_3D('Circle Axis2P3D',#1104,#1105,$) ;
#1125=AXIS2_PLACEMENT_3D('Circle Axis2P3D',#1123,#1124,$) ;
#1144=AXIS2_PLACEMENT_3D('Circle Axis2P3D',#1142,#1143,$) ;
#1163=AXIS2_PLACEMENT_3D('Circle Axis2P3D',#1161,#1162,$) ;
#1182=AXIS2_PLACEMENT_3D('Circle Axis2P3D',#1180,#1181,$) ;
#1195=AXIS2_PLACEMENT_3D('Plane Axis2P3D',#1192,#1193,#1194) ;
#1271=AXIS2_PLACEMENT_3D('Plane Axis2P3D',#1268,#1269,#1270) ;
#1302=AXIS2_PLACEMENT_3D('Plane Axis2P3D',#1299,#1300,#1301) ;
#1333=AXIS2_PLACEMENT_3D('Plane Axis2P3D',#1330,#1331,#1332) ;
#1364=AXIS2_PLACEMENT_3D('Plane Axis2P3D',#1361,#1362,#1363) ;
#1395=AXIS2_PLACEMENT_3D('Plane Axis2P3D',#1392,#1393,#1394) ;
#1411=AXIS2_PLACEMENT_3D('Plane Axis2P3D',#1408,#1409,#1410) ;
#1440=AXIS2_PLACEMENT_3D('Circle Axis2P3D',#1438,#1439,$) ;
#1449=AXIS2_PLACEMENT_3D('Circle Axis2P3D',#1447,#1448,$) ;
#1458=AXIS2_PLACEMENT_3D('Circle Axis2P3D',#1456,#1457,$) ;
#1467=AXIS2_PLACEMENT_3D('Circle Axis2P3D',#1465,#1466,$) ;
#1476=AXIS2_PLACEMENT_3D('Circle Axis2P3D',#1474,#1475,$) ;
#1485=AXIS2_PLACEMENT_3D('Circle Axis2P3D',#1483,#1484,$) ;
#1494=AXIS2_PLACEMENT_3D('Circle Axis2P3D',#1492,#1493,$) ;
#1503=AXIS2_PLACEMENT_3D('Circle Axis2P3D',#1501,#1502,$) ;
#1512=AXIS2_PLACEMENT_3D('Circle Axis2P3D',#1510,#1511,$) ;
#1521=AXIS2_PLACEMENT_3D('Circle Axis2P3D',#1519,#1520,$) ;
#1530=AXIS2_PLACEMENT_3D('Circle Axis2P3D',#1528,#1529,$) ;
#1539=AXIS2_PLACEMENT_3D('Circle Axis2P3D',#1537,#1538,$) ;
#1548=AXIS2_PLACEMENT_3D('Circle Axis2P3D',#1546,#1547,$) ;
#1557=AXIS2_PLACEMENT_3D('Circle Axis2P3D',#1555,#1556,$) ;
#1566=AXIS2_PLACEMENT_3D('Circle Axis2P3D',#1564,#1565,$) ;
#1575=AXIS2_PLACEMENT_3D('Circle Axis2P3D',#1573,#1574,$) ;
#1584=AXIS2_PLACEMENT_3D('Circle Axis2P3D',#1582,#1583,$) ;
#1593=AXIS2_PLACEMENT_3D('Circle Axis2P3D',#1591,#1592,$) ;
#1604=AXIS2_PLACEMENT_3D('Plane Axis2P3D',#1601,#1602,#1603) ;
#1633=AXIS2_PLACEMENT_3D('Circle Axis2P3D',#1631,#1632,$) ;
#1642=AXIS2_PLACEMENT_3D('Circle Axis2P3D',#1640,#1641,$) ;
#1651=AXIS2_PLACEMENT_3D('Circle Axis2P3D',#1649,#1650,$) ;
#1660=AXIS2_PLACEMENT_3D('Circle Axis2P3D',#1658,#1659,$) ;
#1669=AXIS2_PLACEMENT_3D('Circle Axis2P3D',#1667,#1668,$) ;
#1678=AXIS2_PLACEMENT_3D('Circle Axis2P3D',#1676,#1677,$) ;
#1687=AXIS2_PLACEMENT_3D('Circle Axis2P3D',#1685,#1686,$) ;
#1696=AXIS2_PLACEMENT_3D('Circle Axis2P3D',#1694,#1695,$) ;
#1705=AXIS2_PLACEMENT_3D('Circle Axis2P3D',#1703,#1704,$) ;
#1714=AXIS2_PLACEMENT_3D('Circle Axis2P3D',#1712,#1713,$) ;
#1723=AXIS2_PLACEMENT_3D('Circle Axis2P3D',#1721,#1722,$) ;
#1732=AXIS2_PLACEMENT_3D('Circle Axis2P3D',#1730,#1731,$) ;
#1741=AXIS2_PLACEMENT_3D('Circle Axis2P3D',#1739,#1740,$) ;
#1750=AXIS2_PLACEMENT_3D('Circle Axis2P3D',#1748,#1749,$) ;
#1759=AXIS2_PLACEMENT_3D('Circle Axis2P3D',#1757,#1758,$) ;
#1768=AXIS2_PLACEMENT_3D('Circle Axis2P3D',#1766,#1767,$) ;
#1777=AXIS2_PLACEMENT_3D('Circle Axis2P3D',#1775,#1776,$) ;
#1786=AXIS2_PLACEMENT_3D('Circle Axis2P3D',#1784,#1785,$) ;
#1797=AXIS2_PLACEMENT_3D('Plane Axis2P3D',#1794,#1795,#1796) ;
#1821=AXIS2_PLACEMENT_3D('Plane Axis2P3D',#1818,#1819,#1820) ;
#1850=AXIS2_PLACEMENT_3D('Plane Axis2P3D',#1847,#1848,#1849) ;
#1881=AXIS2_PLACEMENT_3D('Plane Axis2P3D',#1878,#1879,#1880) ;
#1910=AXIS2_PLACEMENT_3D('Plane Axis2P3D',#1907,#1908,#1909) ;
#1941=AXIS2_PLACEMENT_3D('Plane Axis2P3D',#1938,#1939,#1940) ;
#1957=AXIS2_PLACEMENT_3D('Plane Axis2P3D',#1954,#1955,#1956) ;
#1973=AXIS2_PLACEMENT_3D('Plane Axis2P3D',#1970,#1971,#1972) ;
#1993=AXIS2_PLACEMENT_3D('Circle Axis2P3D',#1991,#1992,$) ;
#2002=AXIS2_PLACEMENT_3D('Circle Axis2P3D',#2000,#2001,$) ;
#2011=AXIS2_PLACEMENT_3D('Circle Axis2P3D',#2009,#2010,$) ;
#2020=AXIS2_PLACEMENT_3D('Circle Axis2P3D',#2018,#2019,$) ;
#2029=AXIS2_PLACEMENT_3D('Circle Axis2P3D',#2027,#2028,$) ;
#2038=AXIS2_PLACEMENT_3D('Circle Axis2P3D',#2036,#2037,$) ;
#2047=AXIS2_PLACEMENT_3D('Circle Axis2P3D',#2045,#2046,$) ;
#2056=AXIS2_PLACEMENT_3D('Circle Axis2P3D',#2054,#2055,$) ;
#2065=AXIS2_PLACEMENT_3D('Circle Axis2P3D',#2063,#2064,$) ;
#2074=AXIS2_PLACEMENT_3D('Circle Axis2P3D',#2072,#2073,$) ;
#2083=AXIS2_PLACEMENT_3D('Circle Axis2P3D',#2081,#2082,$) ;
#2092=AXIS2_PLACEMENT_3D('Circle Axis2P3D',#2090,#2091,$) ;
#2101=AXIS2_PLACEMENT_3D('Circle Axis2P3D',#2099,#2100,$) ;
#2110=AXIS2_PLACEMENT_3D('Circle Axis2P3D',#2108,#2109,$) ;
#2119=AXIS2_PLACEMENT_3D('Circle Axis2P3D',#2117,#2118,$) ;
#2128=AXIS2_PLACEMENT_3D('Circle Axis2P3D',#2126,#2127,$) ;
#2137=AXIS2_PLACEMENT_3D('Circle Axis2P3D',#2135,#2136,$) ;
#2146=AXIS2_PLACEMENT_3D('Circle Axis2P3D',#2144,#2145,$) ;
#2157=AXIS2_PLACEMENT_3D('Plane Axis2P3D',#2154,#2155,#2156) ;
#2173=AXIS2_PLACEMENT_3D('Plane Axis2P3D',#2170,#2171,#2172) ;
#2196=AXIS2_PLACEMENT_3D('Plane Axis2P3D',#2193,#2194,#2195) ;
#2213=AXIS2_PLACEMENT_3D('Plane Axis2P3D',#2210,#2211,#2212) ;
#2243=AXIS2_PLACEMENT_3D('Circle Axis2P3D',#2241,#2242,$) ;
#2255=AXIS2_PLACEMENT_3D('Circle Axis2P3D',#2253,#2254,$) ;
#2281=AXIS2_PLACEMENT_3D('Circle Axis2P3D',#2279,#2280,$) ;
#2293=AXIS2_PLACEMENT_3D('Circle Axis2P3D',#2291,#2292,$) ;
#2305=AXIS2_PLACEMENT_3D('Circle Axis2P3D',#2303,#2304,$) ;
#2331=AXIS2_PLACEMENT_3D('Circle Axis2P3D',#2329,#2330,$) ;
#2357=AXIS2_PLACEMENT_3D('Circle Axis2P3D',#2355,#2356,$) ;
#2369=AXIS2_PLACEMENT_3D('Circle Axis2P3D',#2367,#2368,$) ;
#2395=AXIS2_PLACEMENT_3D('Circle Axis2P3D',#2393,#2394,$) ;
#2407=AXIS2_PLACEMENT_3D('Circle Axis2P3D',#2405,#2406,$) ;
#2433=AXIS2_PLACEMENT_3D('Circle Axis2P3D',#2431,#2432,$) ;
#2445=AXIS2_PLACEMENT_3D('Circle Axis2P3D',#2443,#2444,$) ;
#2471=AXIS2_PLACEMENT_3D('Circle Axis2P3D',#2469,#2470,$) ;
#2483=AXIS2_PLACEMENT_3D('Circle Axis2P3D',#2481,#2482,$) ;
#2509=AXIS2_PLACEMENT_3D('Circle Axis2P3D',#2507,#2508,$) ;
#2521=AXIS2_PLACEMENT_3D('Circle Axis2P3D',#2519,#2520,$) ;
#2547=AXIS2_PLACEMENT_3D('Circle Axis2P3D',#2545,#2546,$) ;
#2559=AXIS2_PLACEMENT_3D('Circle Axis2P3D',#2557,#2558,$) ;
#2572=AXIS2_PLACEMENT_3D('Plane Axis2P3D',#2569,#2570,#2571) ;
#2594=AXIS2_PLACEMENT_3D('Cylinder Axis2P3D',#2591,#2592,#2593) ;
#2612=AXIS2_PLACEMENT_3D('Circle Axis2P3D',#2610,#2611,$) ;
#2624=AXIS2_PLACEMENT_3D('Circle Axis2P3D',#2622,#2623,$) ;
#2637=AXIS2_PLACEMENT_3D('Cylinder Axis2P3D',#2634,#2635,#2636) ;
#2655=AXIS2_PLACEMENT_3D('Circle Axis2P3D',#2653,#2654,$) ;
#2667=AXIS2_PLACEMENT_3D('Circle Axis2P3D',#2665,#2666,$) ;
#2680=AXIS2_PLACEMENT_3D('Cylinder Axis2P3D',#2677,#2678,#2679) ;
#2698=AXIS2_PLACEMENT_3D('Circle Axis2P3D',#2696,#2697,$) ;
#2710=AXIS2_PLACEMENT_3D('Circle Axis2P3D',#2708,#2709,$) ;
#2723=AXIS2_PLACEMENT_3D('Cylinder Axis2P3D',#2720,#2721,#2722) ;
#2741=AXIS2_PLACEMENT_3D('Circle Axis2P3D',#2739,#2740,$) ;
#2753=AXIS2_PLACEMENT_3D('Circle Axis2P3D',#2751,#2752,$) ;
#2766=AXIS2_PLACEMENT_3D('Cylinder Axis2P3D',#2763,#2764,#2765) ;
#2784=AXIS2_PLACEMENT_3D('Circle Axis2P3D',#2782,#2783,$) ;
#2796=AXIS2_PLACEMENT_3D('Circle Axis2P3D',#2794,#2795,$) ;
#2809=AXIS2_PLACEMENT_3D('Cylinder Axis2P3D',#2806,#2807,#2808) ;
#2827=AXIS2_PLACEMENT_3D('Circle Axis2P3D',#2825,#2826,$) ;
#2839=AXIS2_PLACEMENT_3D('Circle Axis2P3D',#2837,#2838,$) ;
#2852=AXIS2_PLACEMENT_3D('Cylinder Axis2P3D',#2849,#2850,#2851) ;
#2870=AXIS2_PLACEMENT_3D('Circle Axis2P3D',#2868,#2869,$) ;
#2882=AXIS2_PLACEMENT_3D('Circle Axis2P3D',#2880,#2881,$) ;
#2895=AXIS2_PLACEMENT_3D('Cylinder Axis2P3D',#2892,#2893,#2894) ;
#2913=AXIS2_PLACEMENT_3D('Circle Axis2P3D',#2911,#2912,$) ;
#2925=AXIS2_PLACEMENT_3D('Circle Axis2P3D',#2923,#2924,$) ;
#2938=AXIS2_PLACEMENT_3D('Cylinder Axis2P3D',#2935,#2936,#2937) ;
#2956=AXIS2_PLACEMENT_3D('Circle Axis2P3D',#2954,#2955,$) ;
#2968=AXIS2_PLACEMENT_3D('Circle Axis2P3D',#2966,#2967,$) ;
#2981=AXIS2_PLACEMENT_3D('Plane Axis2P3D',#2978,#2979,#2980) ;
#2992=AXIS2_PLACEMENT_3D('Plane Axis2P3D',#2989,#2990,#2991) ;
#3003=AXIS2_PLACEMENT_3D('Plane Axis2P3D',#3000,#3001,#3002) ;
#3014=AXIS2_PLACEMENT_3D('Plane Axis2P3D',#3011,#3012,#3013) ;
#3024=AXIS2_PLACEMENT_3D('Circle Axis2P3D',#3022,#3023,$) ;
#3033=AXIS2_PLACEMENT_3D('Circle Axis2P3D',#3031,#3032,$) ;
#3050=AXIS2_PLACEMENT_3D('Circle Axis2P3D',#3048,#3049,$) ;
#3059=AXIS2_PLACEMENT_3D('Circle Axis2P3D',#3057,#3058,$) ;
#3068=AXIS2_PLACEMENT_3D('Circle Axis2P3D',#3066,#3067,$) ;
#3077=AXIS2_PLACEMENT_3D('Circle Axis2P3D',#3075,#3076,$) ;
#3086=AXIS2_PLACEMENT_3D('Circle Axis2P3D',#3084,#3085,$) ;
#3095=AXIS2_PLACEMENT_3D('Circle Axis2P3D',#3093,#3094,$) ;
#3104=AXIS2_PLACEMENT_3D('Circle Axis2P3D',#3102,#3103,$) ;
#3113=AXIS2_PLACEMENT_3D('Circle Axis2P3D',#3111,#3112,$) ;
#3122=AXIS2_PLACEMENT_3D('Circle Axis2P3D',#3120,#3121,$) ;
#3131=AXIS2_PLACEMENT_3D('Circle Axis2P3D',#3129,#3130,$) ;
#3140=AXIS2_PLACEMENT_3D('Circle Axis2P3D',#3138,#3139,$) ;
#3149=AXIS2_PLACEMENT_3D('Circle Axis2P3D',#3147,#3148,$) ;
#3376=AXIS2_PLACEMENT_3D('Plane Axis2P3D',#3373,#3374,#3375) ;
#3436=AXIS2_PLACEMENT_3D('Plane Axis2P3D',#3433,#3434,#3435) ;
#3489=AXIS2_PLACEMENT_3D('Plane Axis2P3D',#3486,#3487,#3488) ;
#3499=AXIS2_PLACEMENT_3D('Circle Axis2P3D',#3497,#3498,$) ;
#3508=AXIS2_PLACEMENT_3D('Circle Axis2P3D',#3506,#3507,$) ;
#3517=AXIS2_PLACEMENT_3D('Circle Axis2P3D',#3515,#3516,$) ;
#3530=AXIS2_PLACEMENT_3D('Circle Axis2P3D',#3528,#3529,$) ;
#3539=AXIS2_PLACEMENT_3D('Circle Axis2P3D',#3537,#3538,$) ;
#3548=AXIS2_PLACEMENT_3D('Circle Axis2P3D',#3546,#3547,$) ;
#3557=AXIS2_PLACEMENT_3D('Circle Axis2P3D',#3555,#3556,$) ;
#3566=AXIS2_PLACEMENT_3D('Circle Axis2P3D',#3564,#3565,$) ;
#3575=AXIS2_PLACEMENT_3D('Circle Axis2P3D',#3573,#3574,$) ;
#3584=AXIS2_PLACEMENT_3D('Circle Axis2P3D',#3582,#3583,$) ;
#3593=AXIS2_PLACEMENT_3D('Circle Axis2P3D',#3591,#3592,$) ;
#3602=AXIS2_PLACEMENT_3D('Circle Axis2P3D',#3600,#3601,$) ;
#3611=AXIS2_PLACEMENT_3D('Circle Axis2P3D',#3609,#3610,$) ;
#3620=AXIS2_PLACEMENT_3D('Circle Axis2P3D',#3618,#3619,$) ;
#3629=AXIS2_PLACEMENT_3D('Circle Axis2P3D',#3627,#3628,$) ;
#3639=AXIS2_PLACEMENT_3D('Circle Axis2P3D',#3637,#3638,$) ;
#3652=AXIS2_PLACEMENT_3D('Plane Axis2P3D',#3649,#3650,#3651) ;
#3662=AXIS2_PLACEMENT_3D('Circle Axis2P3D',#3660,#3661,$) ;
#3671=AXIS2_PLACEMENT_3D('Circle Axis2P3D',#3669,#3670,$) ;
#3688=AXIS2_PLACEMENT_3D('Circle Axis2P3D',#3686,#3687,$) ;
#3697=AXIS2_PLACEMENT_3D('Circle Axis2P3D',#3695,#3696,$) ;
#3706=AXIS2_PLACEMENT_3D('Circle Axis2P3D',#3704,#3705,$) ;
#3715=AXIS2_PLACEMENT_3D('Circle Axis2P3D',#3713,#3714,$) ;
#3724=AXIS2_PLACEMENT_3D('Circle Axis2P3D',#3722,#3723,$) ;
#3733=AXIS2_PLACEMENT_3D('Circle Axis2P3D',#3731,#3732,$) ;
#3742=AXIS2_PLACEMENT_3D('Circle Axis2P3D',#3740,#3741,$) ;
#3751=AXIS2_PLACEMENT_3D('Circle Axis2P3D',#3749,#3750,$) ;
#3760=AXIS2_PLACEMENT_3D('Circle Axis2P3D',#3758,#3759,$) ;
#3769=AXIS2_PLACEMENT_3D('Circle Axis2P3D',#3767,#3768,$) ;
#3778=AXIS2_PLACEMENT_3D('Circle Axis2P3D',#3776,#3777,$) ;
#3787=AXIS2_PLACEMENT_3D('Circle Axis2P3D',#3785,#3786,$) ;
#3798=AXIS2_PLACEMENT_3D('Cylinder Axis2P3D',#3795,#3796,#3797) ;
#3851=AXIS2_PLACEMENT_3D('Cylinder Axis2P3D',#3848,#3849,#3850) ;
#3904=AXIS2_PLACEMENT_3D('Cylinder Axis2P3D',#3901,#3902,#3903) ;
#3957=AXIS2_PLACEMENT_3D('Cylinder Axis2P3D',#3954,#3955,#3956) ;
#4010=AXIS2_PLACEMENT_3D('Cylinder Axis2P3D',#4007,#4008,#4009) ;
#4063=AXIS2_PLACEMENT_3D('Cylinder Axis2P3D',#4060,#4061,#4062) ;
#4116=AXIS2_PLACEMENT_3D('Cylinder Axis2P3D',#4113,#4114,#4115) ;
#40=PRODUCT_DEFINITION_SHAPE(' ',' ',#14) ;
#31=APPROVAL_PERSON_ORGANIZATION(#25,#21,#19) ;
#25=PERSON_AND_ORGANIZATION(#22,#23) ;
#22=PERSON(' ',' ',' ',$,$,$) ;
#23=ORGANIZATION(' ',' ',' ') ;
#21=APPROVAL(#20,' ') ;
#20=APPROVAL_STATUS('not_yet_approved') ;
#19=APPROVAL_ROLE('APPROVER') ;
#13=DATE_AND_TIME(#11,#12) ;
#12=LOCAL_TIME(13,6,15.,#10) ;
#10=COORDINATED_UNIVERSAL_TIME_OFFSET(0,0,.AHEAD.) ;
#85=ORIENTED_EDGE('',*,*,#64,.T.) ;
#86=ORIENTED_EDGE('',*,*,#71,.F.) ;
#87=ORIENTED_EDGE('',*,*,#78,.F.) ;
#88=ORIENTED_EDGE('',*,*,#83,.F.) ;
#125=ORIENTED_EDGE('',*,*,#104,.F.) ;
#126=ORIENTED_EDGE('',*,*,#111,.T.) ;
#127=ORIENTED_EDGE('',*,*,#118,.T.) ;
#128=ORIENTED_EDGE('',*,*,#123,.F.) ;
#145=ORIENTED_EDGE('',*,*,#138,.F.) ;
#146=ORIENTED_EDGE('',*,*,#143,.F.) ;
#163=ORIENTED_EDGE('',*,*,#156,.F.) ;
#164=ORIENTED_EDGE('',*,*,#161,.F.) ;
#181=ORIENTED_EDGE('',*,*,#174,.F.) ;
#182=ORIENTED_EDGE('',*,*,#179,.F.) ;
#199=ORIENTED_EDGE('',*,*,#192,.F.) ;
#200=ORIENTED_EDGE('',*,*,#197,.F.) ;
#217=ORIENTED_EDGE('',*,*,#210,.F.) ;
#218=ORIENTED_EDGE('',*,*,#215,.F.) ;
#235=ORIENTED_EDGE('',*,*,#228,.F.) ;
#236=ORIENTED_EDGE('',*,*,#233,.F.) ;
#253=ORIENTED_EDGE('',*,*,#246,.F.) ;
#254=ORIENTED_EDGE('',*,*,#251,.F.) ;
#271=ORIENTED_EDGE('',*,*,#264,.F.) ;
#272=ORIENTED_EDGE('',*,*,#269,.F.) ;
#289=ORIENTED_EDGE('',*,*,#282,.F.) ;
#290=ORIENTED_EDGE('',*,*,#287,.F.) ;
#318=ORIENTED_EDGE('',*,*,#306,.F.) ;
#319=ORIENTED_EDGE('',*,*,#311,.F.) ;
#320=ORIENTED_EDGE('',*,*,#111,.F.) ;
#321=ORIENTED_EDGE('',*,*,#316,.F.) ;
#338=ORIENTED_EDGE('',*,*,#331,.T.) ;
#339=ORIENTED_EDGE('',*,*,#336,.T.) ;
#356=ORIENTED_EDGE('',*,*,#349,.T.) ;
#357=ORIENTED_EDGE('',*,*,#354,.T.) ;
#374=ORIENTED_EDGE('',*,*,#367,.T.) ;
#375=ORIENTED_EDGE('',*,*,#372,.T.) ;
#392=ORIENTED_EDGE('',*,*,#385,.T.) ;
#393=ORIENTED_EDGE('',*,*,#390,.T.) ;
#410=ORIENTED_EDGE('',*,*,#403,.T.) ;
#411=ORIENTED_EDGE('',*,*,#408,.T.) ;
#428=ORIENTED_EDGE('',*,*,#421,.T.) ;
#429=ORIENTED_EDGE('',*,*,#426,.T.) ;
#446=ORIENTED_EDGE('',*,*,#439,.T.) ;
#447=ORIENTED_EDGE('',*,*,#444,.T.) ;
#464=ORIENTED_EDGE('',*,*,#457,.T.) ;
#465=ORIENTED_EDGE('',*,*,#462,.T.) ;
#482=ORIENTED_EDGE('',*,*,#475,.T.) ;
#483=ORIENTED_EDGE('',*,*,#480,.T.) ;
#520=ORIENTED_EDGE('',*,*,#499,.T.) ;
#521=ORIENTED_EDGE('',*,*,#506,.F.) ;
#522=ORIENTED_EDGE('',*,*,#513,.F.) ;
#523=ORIENTED_EDGE('',*,*,#518,.F.) ;
#537=ORIENTED_EDGE('',*,*,#513,.T.) ;
#538=ORIENTED_EDGE('',*,*,#530,.F.) ;
#539=ORIENTED_EDGE('',*,*,#499,.F.) ;
#540=ORIENTED_EDGE('',*,*,#535,.F.) ;
#561=ORIENTED_EDGE('',*,*,#554,.F.) ;
#562=ORIENTED_EDGE('',*,*,#118,.F.) ;
#563=ORIENTED_EDGE('',*,*,#311,.T.) ;
#564=ORIENTED_EDGE('',*,*,#559,.T.) ;
#581=ORIENTED_EDGE('',*,*,#574,.T.) ;
#582=ORIENTED_EDGE('',*,*,#579,.T.) ;
#599=ORIENTED_EDGE('',*,*,#592,.T.) ;
#600=ORIENTED_EDGE('',*,*,#597,.T.) ;
#617=ORIENTED_EDGE('',*,*,#610,.T.) ;
#618=ORIENTED_EDGE('',*,*,#615,.T.) ;
#635=ORIENTED_EDGE('',*,*,#628,.T.) ;
#636=ORIENTED_EDGE('',*,*,#633,.T.) ;
#653=ORIENTED_EDGE('',*,*,#646,.T.) ;
#654=ORIENTED_EDGE('',*,*,#651,.T.) ;
#671=ORIENTED_EDGE('',*,*,#664,.T.) ;
#672=ORIENTED_EDGE('',*,*,#669,.T.) ;
#689=ORIENTED_EDGE('',*,*,#682,.T.) ;
#690=ORIENTED_EDGE('',*,*,#687,.T.) ;
#707=ORIENTED_EDGE('',*,*,#700,.T.) ;
#708=ORIENTED_EDGE('',*,*,#705,.T.) ;
#725=ORIENTED_EDGE('',*,*,#718,.T.) ;
#726=ORIENTED_EDGE('',*,*,#723,.T.) ;
#754=ORIENTED_EDGE('',*,*,#740,.F.) ;
#755=ORIENTED_EDGE('',*,*,#747,.T.) ;
#756=ORIENTED_EDGE('',*,*,#752,.T.) ;
#757=ORIENTED_EDGE('',*,*,#336,.F.) ;
#766=ORIENTED_EDGE('',*,*,#752,.F.) ;
#767=ORIENTED_EDGE('',*,*,#764,.T.) ;
#768=ORIENTED_EDGE('',*,*,#740,.T.) ;
#769=ORIENTED_EDGE('',*,*,#331,.F.) ;
#797=ORIENTED_EDGE('',*,*,#783,.F.) ;
#798=ORIENTED_EDGE('',*,*,#790,.T.) ;
#799=ORIENTED_EDGE('',*,*,#795,.T.) ;
#800=ORIENTED_EDGE('',*,*,#354,.F.) ;
#809=ORIENTED_EDGE('',*,*,#795,.F.) ;
#810=ORIENTED_EDGE('',*,*,#807,.T.) ;
#811=ORIENTED_EDGE('',*,*,#783,.T.) ;
#812=ORIENTED_EDGE('',*,*,#349,.F.) ;
#840=ORIENTED_EDGE('',*,*,#826,.F.) ;
#841=ORIENTED_EDGE('',*,*,#833,.T.) ;
#842=ORIENTED_EDGE('',*,*,#838,.T.) ;
#843=ORIENTED_EDGE('',*,*,#372,.F.) ;
#852=ORIENTED_EDGE('',*,*,#838,.F.) ;
#853=ORIENTED_EDGE('',*,*,#850,.T.) ;
#854=ORIENTED_EDGE('',*,*,#826,.T.) ;
#855=ORIENTED_EDGE('',*,*,#367,.F.) ;
#883=ORIENTED_EDGE('',*,*,#869,.F.) ;
#884=ORIENTED_EDGE('',*,*,#876,.T.) ;
#885=ORIENTED_EDGE('',*,*,#881,.T.) ;
#886=ORIENTED_EDGE('',*,*,#390,.F.) ;
#895=ORIENTED_EDGE('',*,*,#881,.F.) ;
#896=ORIENTED_EDGE('',*,*,#893,.T.) ;
#897=ORIENTED_EDGE('',*,*,#869,.T.) ;
#898=ORIENTED_EDGE('',*,*,#385,.F.) ;
#926=ORIENTED_EDGE('',*,*,#912,.F.) ;
#927=ORIENTED_EDGE('',*,*,#919,.T.) ;
#928=ORIENTED_EDGE('',*,*,#924,.T.) ;
#929=ORIENTED_EDGE('',*,*,#408,.F.) ;
#938=ORIENTED_EDGE('',*,*,#924,.F.) ;
#939=ORIENTED_EDGE('',*,*,#936,.T.) ;
#940=ORIENTED_EDGE('',*,*,#912,.T.) ;
#941=ORIENTED_EDGE('',*,*,#403,.F.) ;
#969=ORIENTED_EDGE('',*,*,#955,.F.) ;
#970=ORIENTED_EDGE('',*,*,#962,.T.) ;
#971=ORIENTED_EDGE('',*,*,#967,.T.) ;
#972=ORIENTED_EDGE('',*,*,#426,.F.) ;
#981=ORIENTED_EDGE('',*,*,#967,.F.) ;
#982=ORIENTED_EDGE('',*,*,#979,.T.) ;
#983=ORIENTED_EDGE('',*,*,#955,.T.) ;
#984=ORIENTED_EDGE('',*,*,#421,.F.) ;
#1012=ORIENTED_EDGE('',*,*,#998,.F.) ;
#1013=ORIENTED_EDGE('',*,*,#1005,.T.) ;
#1014=ORIENTED_EDGE('',*,*,#1010,.T.) ;
#1015=ORIENTED_EDGE('',*,*,#444,.F.) ;
#1024=ORIENTED_EDGE('',*,*,#1010,.F.) ;
#1025=ORIENTED_EDGE('',*,*,#1022,.T.) ;
#1026=ORIENTED_EDGE('',*,*,#998,.T.) ;
#1027=ORIENTED_EDGE('',*,*,#439,.F.) ;
#1055=ORIENTED_EDGE('',*,*,#1041,.F.) ;
#1056=ORIENTED_EDGE('',*,*,#1048,.T.) ;
#1057=ORIENTED_EDGE('',*,*,#1053,.T.) ;
#1058=ORIENTED_EDGE('',*,*,#462,.F.) ;
#1067=ORIENTED_EDGE('',*,*,#1053,.F.) ;
#1068=ORIENTED_EDGE('',*,*,#1065,.T.) ;
#1069=ORIENTED_EDGE('',*,*,#1041,.T.) ;
#1070=ORIENTED_EDGE('',*,*,#457,.F.) ;
#1098=ORIENTED_EDGE('',*,*,#1084,.F.) ;
#1099=ORIENTED_EDGE('',*,*,#1091,.T.) ;
#1100=ORIENTED_EDGE('',*,*,#1096,.T.) ;
#1101=ORIENTED_EDGE('',*,*,#480,.F.) ;
#1110=ORIENTED_EDGE('',*,*,#1096,.F.) ;
#1111=ORIENTED_EDGE('',*,*,#1108,.T.) ;
#1112=ORIENTED_EDGE('',*,*,#1084,.T.) ;
#1113=ORIENTED_EDGE('',*,*,#475,.F.) ;
#1136=ORIENTED_EDGE('',*,*,#1122,.F.) ;
#1137=ORIENTED_EDGE('',*,*,#1129,.F.) ;
#1138=ORIENTED_EDGE('',*,*,#1134,.T.) ;
#1139=ORIENTED_EDGE('',*,*,#597,.F.) ;
#1148=ORIENTED_EDGE('',*,*,#1134,.F.) ;
#1149=ORIENTED_EDGE('',*,*,#1146,.F.) ;
#1150=ORIENTED_EDGE('',*,*,#1122,.T.) ;
#1151=ORIENTED_EDGE('',*,*,#592,.F.) ;
#1174=ORIENTED_EDGE('',*,*,#1160,.F.) ;
#1175=ORIENTED_EDGE('',*,*,#1167,.F.) ;
#1176=ORIENTED_EDGE('',*,*,#1172,.T.) ;
#1177=ORIENTED_EDGE('',*,*,#615,.F.) ;
#1186=ORIENTED_EDGE('',*,*,#1172,.F.) ;
#1187=ORIENTED_EDGE('',*,*,#1184,.F.) ;
#1188=ORIENTED_EDGE('',*,*,#1160,.T.) ;
#1189=ORIENTED_EDGE('',*,*,#610,.F.) ;
#1226=ORIENTED_EDGE('',*,*,#1205,.T.) ;
#1227=ORIENTED_EDGE('',*,*,#1212,.T.) ;
#1228=ORIENTED_EDGE('',*,*,#1219,.T.) ;
#1229=ORIENTED_EDGE('',*,*,#1224,.T.) ;
#1232=ORIENTED_EDGE('',*,*,#747,.F.) ;
#1233=ORIENTED_EDGE('',*,*,#764,.F.) ;
#1236=ORIENTED_EDGE('',*,*,#790,.F.) ;
#1237=ORIENTED_EDGE('',*,*,#807,.F.) ;
#1240=ORIENTED_EDGE('',*,*,#833,.F.) ;
#1241=ORIENTED_EDGE('',*,*,#850,.F.) ;
#1244=ORIENTED_EDGE('',*,*,#876,.F.) ;
#1245=ORIENTED_EDGE('',*,*,#893,.F.) ;
#1248=ORIENTED_EDGE('',*,*,#919,.F.) ;
#1249=ORIENTED_EDGE('',*,*,#936,.F.) ;
#1252=ORIENTED_EDGE('',*,*,#962,.F.) ;
#1253=ORIENTED_EDGE('',*,*,#979,.F.) ;
#1256=ORIENTED_EDGE('',*,*,#1005,.F.) ;
#1257=ORIENTED_EDGE('',*,*,#1022,.F.) ;
#1260=ORIENTED_EDGE('',*,*,#1048,.F.) ;
#1261=ORIENTED_EDGE('',*,*,#1065,.F.) ;
#1264=ORIENTED_EDGE('',*,*,#1091,.F.) ;
#1265=ORIENTED_EDGE('',*,*,#1108,.F.) ;
#1293=ORIENTED_EDGE('',*,*,#1279,.F.) ;
#1294=ORIENTED_EDGE('',*,*,#1286,.T.) ;
#1295=ORIENTED_EDGE('',*,*,#1291,.T.) ;
#1296=ORIENTED_EDGE('',*,*,#1205,.F.) ;
#1324=ORIENTED_EDGE('',*,*,#1312,.T.) ;
#1325=ORIENTED_EDGE('',*,*,#1317,.F.) ;
#1326=ORIENTED_EDGE('',*,*,#1212,.F.) ;
#1327=ORIENTED_EDGE('',*,*,#1322,.F.) ;
#1355=ORIENTED_EDGE('',*,*,#1341,.F.) ;
#1356=ORIENTED_EDGE('',*,*,#1219,.F.) ;
#1357=ORIENTED_EDGE('',*,*,#1348,.T.) ;
#1358=ORIENTED_EDGE('',*,*,#1353,.T.) ;
#1386=ORIENTED_EDGE('',*,*,#1224,.F.) ;
#1387=ORIENTED_EDGE('',*,*,#1372,.T.) ;
#1388=ORIENTED_EDGE('',*,*,#1379,.T.) ;
#1389=ORIENTED_EDGE('',*,*,#1384,.T.) ;
#1403=ORIENTED_EDGE('',*,*,#1401,.T.) ;
#1404=ORIENTED_EDGE('',*,*,#1322,.T.) ;
#1405=ORIENTED_EDGE('',*,*,#1291,.F.) ;
#1433=ORIENTED_EDGE('',*,*,#1419,.T.) ;
#1434=ORIENTED_EDGE('',*,*,#1312,.F.) ;
#1435=ORIENTED_EDGE('',*,*,#1426,.F.) ;
#1436=ORIENTED_EDGE('',*,*,#1431,.T.) ;
#1453=ORIENTED_EDGE('',*,*,#1446,.F.) ;
#1454=ORIENTED_EDGE('',*,*,#1451,.F.) ;
#1471=ORIENTED_EDGE('',*,*,#1464,.F.) ;
#1472=ORIENTED_EDGE('',*,*,#1469,.F.) ;
#1489=ORIENTED_EDGE('',*,*,#1482,.F.) ;
#1490=ORIENTED_EDGE('',*,*,#1487,.F.) ;
#1507=ORIENTED_EDGE('',*,*,#1500,.F.) ;
#1508=ORIENTED_EDGE('',*,*,#1505,.F.) ;
#1525=ORIENTED_EDGE('',*,*,#1518,.F.) ;
#1526=ORIENTED_EDGE('',*,*,#1523,.F.) ;
#1543=ORIENTED_EDGE('',*,*,#1536,.F.) ;
#1544=ORIENTED_EDGE('',*,*,#1541,.F.) ;
#1561=ORIENTED_EDGE('',*,*,#1554,.F.) ;
#1562=ORIENTED_EDGE('',*,*,#1559,.F.) ;
#1579=ORIENTED_EDGE('',*,*,#1572,.F.) ;
#1580=ORIENTED_EDGE('',*,*,#1577,.F.) ;
#1597=ORIENTED_EDGE('',*,*,#1590,.F.) ;
#1598=ORIENTED_EDGE('',*,*,#1595,.F.) ;
#1626=ORIENTED_EDGE('',*,*,#1612,.T.) ;
#1627=ORIENTED_EDGE('',*,*,#1379,.F.) ;
#1628=ORIENTED_EDGE('',*,*,#1619,.F.) ;
#1629=ORIENTED_EDGE('',*,*,#1624,.T.) ;
#1646=ORIENTED_EDGE('',*,*,#1639,.F.) ;
#1647=ORIENTED_EDGE('',*,*,#1644,.F.) ;
#1664=ORIENTED_EDGE('',*,*,#1657,.F.) ;
#1665=ORIENTED_EDGE('',*,*,#1662,.F.) ;
#1682=ORIENTED_EDGE('',*,*,#1675,.F.) ;
#1683=ORIENTED_EDGE('',*,*,#1680,.F.) ;
#1700=ORIENTED_EDGE('',*,*,#1693,.F.) ;
#1701=ORIENTED_EDGE('',*,*,#1698,.F.) ;
#1718=ORIENTED_EDGE('',*,*,#1711,.F.) ;
#1719=ORIENTED_EDGE('',*,*,#1716,.F.) ;
#1736=ORIENTED_EDGE('',*,*,#1729,.F.) ;
#1737=ORIENTED_EDGE('',*,*,#1734,.F.) ;
#1754=ORIENTED_EDGE('',*,*,#1747,.F.) ;
#1755=ORIENTED_EDGE('',*,*,#1752,.F.) ;
#1772=ORIENTED_EDGE('',*,*,#1765,.F.) ;
#1773=ORIENTED_EDGE('',*,*,#1770,.F.) ;
#1790=ORIENTED_EDGE('',*,*,#1783,.F.) ;
#1791=ORIENTED_EDGE('',*,*,#1788,.F.) ;
#1812=ORIENTED_EDGE('',*,*,#1805,.T.) ;
#1813=ORIENTED_EDGE('',*,*,#1426,.T.) ;
#1814=ORIENTED_EDGE('',*,*,#1401,.F.) ;
#1815=ORIENTED_EDGE('',*,*,#1810,.F.) ;
#1841=ORIENTED_EDGE('',*,*,#1829,.T.) ;
#1842=ORIENTED_EDGE('',*,*,#1834,.F.) ;
#1843=ORIENTED_EDGE('',*,*,#1419,.F.) ;
#1844=ORIENTED_EDGE('',*,*,#1839,.T.) ;
#1872=ORIENTED_EDGE('',*,*,#1860,.T.) ;
#1873=ORIENTED_EDGE('',*,*,#1865,.F.) ;
#1874=ORIENTED_EDGE('',*,*,#1431,.F.) ;
#1875=ORIENTED_EDGE('',*,*,#1870,.F.) ;
#1901=ORIENTED_EDGE('',*,*,#1889,.T.) ;
#1902=ORIENTED_EDGE('',*,*,#1894,.F.) ;
#1903=ORIENTED_EDGE('',*,*,#1612,.F.) ;
#1904=ORIENTED_EDGE('',*,*,#1899,.T.) ;
#1932=ORIENTED_EDGE('',*,*,#1918,.T.) ;
#1933=ORIENTED_EDGE('',*,*,#1925,.T.) ;
#1934=ORIENTED_EDGE('',*,*,#1930,.F.) ;
#1935=ORIENTED_EDGE('',*,*,#1624,.F.) ;
#1949=ORIENTED_EDGE('',*,*,#1947,.T.) ;
#1950=ORIENTED_EDGE('',*,*,#1870,.T.) ;
#1951=ORIENTED_EDGE('',*,*,#1805,.F.) ;
#1965=ORIENTED_EDGE('',*,*,#1865,.T.) ;
#1966=ORIENTED_EDGE('',*,*,#1963,.T.) ;
#1967=ORIENTED_EDGE('',*,*,#1839,.F.) ;
#1986=ORIENTED_EDGE('',*,*,#1925,.F.) ;
#1987=ORIENTED_EDGE('',*,*,#1979,.F.) ;
#1988=ORIENTED_EDGE('',*,*,#1860,.F.) ;
#1989=ORIENTED_EDGE('',*,*,#1984,.F.) ;
#2006=ORIENTED_EDGE('',*,*,#1999,.T.) ;
#2007=ORIENTED_EDGE('',*,*,#2004,.T.) ;
#2024=ORIENTED_EDGE('',*,*,#2017,.T.) ;
#2025=ORIENTED_EDGE('',*,*,#2022,.T.) ;
#2042=ORIENTED_EDGE('',*,*,#2035,.T.) ;
#2043=ORIENTED_EDGE('',*,*,#2040,.T.) ;
#2060=ORIENTED_EDGE('',*,*,#2053,.T.) ;
#2061=ORIENTED_EDGE('',*,*,#2058,.T.) ;
#2078=ORIENTED_EDGE('',*,*,#2071,.T.) ;
#2079=ORIENTED_EDGE('',*,*,#2076,.T.) ;
#2096=ORIENTED_EDGE('',*,*,#2089,.T.) ;
#2097=ORIENTED_EDGE('',*,*,#2094,.T.) ;
#2114=ORIENTED_EDGE('',*,*,#2107,.T.) ;
#2115=ORIENTED_EDGE('',*,*,#2112,.T.) ;
#2132=ORIENTED_EDGE('',*,*,#2125,.T.) ;
#2133=ORIENTED_EDGE('',*,*,#2130,.T.) ;
#2150=ORIENTED_EDGE('',*,*,#2143,.T.) ;
#2151=ORIENTED_EDGE('',*,*,#2148,.T.) ;
#2165=ORIENTED_EDGE('',*,*,#1930,.T.) ;
#2166=ORIENTED_EDGE('',*,*,#2163,.T.) ;
#2167=ORIENTED_EDGE('',*,*,#1899,.F.) ;
#2188=ORIENTED_EDGE('',*,*,#1918,.F.) ;
#2189=ORIENTED_EDGE('',*,*,#2181,.T.) ;
#2190=ORIENTED_EDGE('',*,*,#2186,.F.) ;
#2204=ORIENTED_EDGE('',*,*,#1984,.T.) ;
#2205=ORIENTED_EDGE('',*,*,#1947,.F.) ;
#2206=ORIENTED_EDGE('',*,*,#2202,.F.) ;
#2207=ORIENTED_EDGE('',*,*,#2163,.F.) ;
#2221=ORIENTED_EDGE('',*,*,#2219,.F.) ;
#2222=ORIENTED_EDGE('',*,*,#1963,.F.) ;
#2223=ORIENTED_EDGE('',*,*,#1979,.T.) ;
#2224=ORIENTED_EDGE('',*,*,#2186,.T.) ;
#2247=ORIENTED_EDGE('',*,*,#2233,.T.) ;
#2248=ORIENTED_EDGE('',*,*,#2004,.F.) ;
#2249=ORIENTED_EDGE('',*,*,#2240,.F.) ;
#2250=ORIENTED_EDGE('',*,*,#2245,.T.) ;
#2259=ORIENTED_EDGE('',*,*,#2240,.T.) ;
#2260=ORIENTED_EDGE('',*,*,#1999,.F.) ;
#2261=ORIENTED_EDGE('',*,*,#2233,.F.) ;
#2262=ORIENTED_EDGE('',*,*,#2257,.T.) ;
#2285=ORIENTED_EDGE('',*,*,#2271,.T.) ;
#2286=ORIENTED_EDGE('',*,*,#2022,.F.) ;
#2287=ORIENTED_EDGE('',*,*,#2278,.F.) ;
#2288=ORIENTED_EDGE('',*,*,#2283,.T.) ;
#2297=ORIENTED_EDGE('',*,*,#2278,.T.) ;
#2298=ORIENTED_EDGE('',*,*,#2017,.F.) ;
#2299=ORIENTED_EDGE('',*,*,#2271,.F.) ;
#2300=ORIENTED_EDGE('',*,*,#2295,.T.) ;
#2323=ORIENTED_EDGE('',*,*,#2311,.T.) ;
#2324=ORIENTED_EDGE('',*,*,#2316,.F.) ;
#2325=ORIENTED_EDGE('',*,*,#2040,.F.) ;
#2326=ORIENTED_EDGE('',*,*,#2321,.T.) ;
#2335=ORIENTED_EDGE('',*,*,#2333,.T.) ;
#2336=ORIENTED_EDGE('',*,*,#2321,.F.) ;
#2337=ORIENTED_EDGE('',*,*,#2035,.F.) ;
#2338=ORIENTED_EDGE('',*,*,#2316,.T.) ;
#2361=ORIENTED_EDGE('',*,*,#2347,.T.) ;
#2362=ORIENTED_EDGE('',*,*,#2058,.F.) ;
#2363=ORIENTED_EDGE('',*,*,#2354,.F.) ;
#2364=ORIENTED_EDGE('',*,*,#2359,.T.) ;
#2373=ORIENTED_EDGE('',*,*,#2354,.T.) ;
#2374=ORIENTED_EDGE('',*,*,#2053,.F.) ;
#2375=ORIENTED_EDGE('',*,*,#2347,.F.) ;
#2376=ORIENTED_EDGE('',*,*,#2371,.T.) ;
#2399=ORIENTED_EDGE('',*,*,#2385,.T.) ;
#2400=ORIENTED_EDGE('',*,*,#2076,.F.) ;
#2401=ORIENTED_EDGE('',*,*,#2392,.F.) ;
#2402=ORIENTED_EDGE('',*,*,#2397,.T.) ;
#2411=ORIENTED_EDGE('',*,*,#2392,.T.) ;
#2412=ORIENTED_EDGE('',*,*,#2071,.F.) ;
#2413=ORIENTED_EDGE('',*,*,#2385,.F.) ;
#2414=ORIENTED_EDGE('',*,*,#2409,.T.) ;
#2437=ORIENTED_EDGE('',*,*,#2423,.T.) ;
#2438=ORIENTED_EDGE('',*,*,#2094,.F.) ;
#2439=ORIENTED_EDGE('',*,*,#2430,.F.) ;
#2440=ORIENTED_EDGE('',*,*,#2435,.T.) ;
#2449=ORIENTED_EDGE('',*,*,#2430,.T.) ;
#2450=ORIENTED_EDGE('',*,*,#2089,.F.) ;
#2451=ORIENTED_EDGE('',*,*,#2423,.F.) ;
#2452=ORIENTED_EDGE('',*,*,#2447,.T.) ;
#2475=ORIENTED_EDGE('',*,*,#2461,.T.) ;
#2476=ORIENTED_EDGE('',*,*,#2112,.F.) ;
#2477=ORIENTED_EDGE('',*,*,#2468,.F.) ;
#2478=ORIENTED_EDGE('',*,*,#2473,.T.) ;
#2487=ORIENTED_EDGE('',*,*,#2468,.T.) ;
#2488=ORIENTED_EDGE('',*,*,#2107,.F.) ;
#2489=ORIENTED_EDGE('',*,*,#2461,.F.) ;
#2490=ORIENTED_EDGE('',*,*,#2485,.T.) ;
#2513=ORIENTED_EDGE('',*,*,#2499,.T.) ;
#2514=ORIENTED_EDGE('',*,*,#2130,.F.) ;
#2515=ORIENTED_EDGE('',*,*,#2506,.F.) ;
#2516=ORIENTED_EDGE('',*,*,#2511,.T.) ;
#2525=ORIENTED_EDGE('',*,*,#2506,.T.) ;
#2526=ORIENTED_EDGE('',*,*,#2125,.F.) ;
#2527=ORIENTED_EDGE('',*,*,#2499,.F.) ;
#2528=ORIENTED_EDGE('',*,*,#2523,.T.) ;
#2551=ORIENTED_EDGE('',*,*,#2537,.T.) ;
#2552=ORIENTED_EDGE('',*,*,#2148,.F.) ;
#2553=ORIENTED_EDGE('',*,*,#2544,.F.) ;
#2554=ORIENTED_EDGE('',*,*,#2549,.T.) ;
#2563=ORIENTED_EDGE('',*,*,#2544,.T.) ;
#2564=ORIENTED_EDGE('',*,*,#2143,.F.) ;
#2565=ORIENTED_EDGE('',*,*,#2537,.F.) ;
#2566=ORIENTED_EDGE('',*,*,#2561,.T.) ;
#2585=ORIENTED_EDGE('',*,*,#2181,.F.) ;
#2586=ORIENTED_EDGE('',*,*,#1619,.T.) ;
#2587=ORIENTED_EDGE('',*,*,#2578,.T.) ;
#2588=ORIENTED_EDGE('',*,*,#2583,.F.) ;
#2616=ORIENTED_EDGE('',*,*,#2602,.T.) ;
#2617=ORIENTED_EDGE('',*,*,#1595,.T.) ;
#2618=ORIENTED_EDGE('',*,*,#2609,.F.) ;
#2619=ORIENTED_EDGE('',*,*,#2614,.T.) ;
#2628=ORIENTED_EDGE('',*,*,#2609,.T.) ;
#2629=ORIENTED_EDGE('',*,*,#1590,.T.) ;
#2630=ORIENTED_EDGE('',*,*,#2602,.F.) ;
#2631=ORIENTED_EDGE('',*,*,#2626,.T.) ;
#2659=ORIENTED_EDGE('',*,*,#2645,.T.) ;
#2660=ORIENTED_EDGE('',*,*,#1577,.T.) ;
#2661=ORIENTED_EDGE('',*,*,#2652,.F.) ;
#2662=ORIENTED_EDGE('',*,*,#2657,.T.) ;
#2671=ORIENTED_EDGE('',*,*,#2652,.T.) ;
#2672=ORIENTED_EDGE('',*,*,#1572,.T.) ;
#2673=ORIENTED_EDGE('',*,*,#2645,.F.) ;
#2674=ORIENTED_EDGE('',*,*,#2669,.T.) ;
#2702=ORIENTED_EDGE('',*,*,#2688,.T.) ;
#2703=ORIENTED_EDGE('',*,*,#1559,.T.) ;
#2704=ORIENTED_EDGE('',*,*,#2695,.F.) ;
#2705=ORIENTED_EDGE('',*,*,#2700,.T.) ;
#2714=ORIENTED_EDGE('',*,*,#2695,.T.) ;
#2715=ORIENTED_EDGE('',*,*,#1554,.T.) ;
#2716=ORIENTED_EDGE('',*,*,#2688,.F.) ;
#2717=ORIENTED_EDGE('',*,*,#2712,.T.) ;
#2745=ORIENTED_EDGE('',*,*,#2731,.T.) ;
#2746=ORIENTED_EDGE('',*,*,#1541,.T.) ;
#2747=ORIENTED_EDGE('',*,*,#2738,.F.) ;
#2748=ORIENTED_EDGE('',*,*,#2743,.T.) ;
#2757=ORIENTED_EDGE('',*,*,#2738,.T.) ;
#2758=ORIENTED_EDGE('',*,*,#1536,.T.) ;
#2759=ORIENTED_EDGE('',*,*,#2731,.F.) ;
#2760=ORIENTED_EDGE('',*,*,#2755,.T.) ;
#2788=ORIENTED_EDGE('',*,*,#2774,.T.) ;
#2789=ORIENTED_EDGE('',*,*,#1523,.T.) ;
#2790=ORIENTED_EDGE('',*,*,#2781,.F.) ;
#2791=ORIENTED_EDGE('',*,*,#2786,.T.) ;
#2800=ORIENTED_EDGE('',*,*,#2781,.T.) ;
#2801=ORIENTED_EDGE('',*,*,#1518,.T.) ;
#2802=ORIENTED_EDGE('',*,*,#2774,.F.) ;
#2803=ORIENTED_EDGE('',*,*,#2798,.T.) ;
#2831=ORIENTED_EDGE('',*,*,#2817,.T.) ;
#2832=ORIENTED_EDGE('',*,*,#1505,.T.) ;
#2833=ORIENTED_EDGE('',*,*,#2824,.F.) ;
#2834=ORIENTED_EDGE('',*,*,#2829,.T.) ;
#2843=ORIENTED_EDGE('',*,*,#2824,.T.) ;
#2844=ORIENTED_EDGE('',*,*,#1500,.T.) ;
#2845=ORIENTED_EDGE('',*,*,#2817,.F.) ;
#2846=ORIENTED_EDGE('',*,*,#2841,.T.) ;
#2874=ORIENTED_EDGE('',*,*,#2860,.F.) ;
#2875=ORIENTED_EDGE('',*,*,#1487,.T.) ;
#2876=ORIENTED_EDGE('',*,*,#2867,.T.) ;
#2877=ORIENTED_EDGE('',*,*,#2872,.T.) ;
#2886=ORIENTED_EDGE('',*,*,#2867,.F.) ;
#2887=ORIENTED_EDGE('',*,*,#1482,.T.) ;
#2888=ORIENTED_EDGE('',*,*,#2860,.T.) ;
#2889=ORIENTED_EDGE('',*,*,#2884,.T.) ;
#2917=ORIENTED_EDGE('',*,*,#2903,.T.) ;
#2918=ORIENTED_EDGE('',*,*,#1469,.T.) ;
#2919=ORIENTED_EDGE('',*,*,#2910,.F.) ;
#2920=ORIENTED_EDGE('',*,*,#2915,.T.) ;
#2929=ORIENTED_EDGE('',*,*,#2910,.T.) ;
#2930=ORIENTED_EDGE('',*,*,#1464,.T.) ;
#2931=ORIENTED_EDGE('',*,*,#2903,.F.) ;
#2932=ORIENTED_EDGE('',*,*,#2927,.T.) ;
#2960=ORIENTED_EDGE('',*,*,#2946,.T.) ;
#2961=ORIENTED_EDGE('',*,*,#1451,.T.) ;
#2962=ORIENTED_EDGE('',*,*,#2953,.F.) ;
#2963=ORIENTED_EDGE('',*,*,#2958,.T.) ;
#2972=ORIENTED_EDGE('',*,*,#2953,.T.) ;
#2973=ORIENTED_EDGE('',*,*,#1446,.T.) ;
#2974=ORIENTED_EDGE('',*,*,#2946,.F.) ;
#2975=ORIENTED_EDGE('',*,*,#2970,.T.) ;
#2984=ORIENTED_EDGE('',*,*,#1372,.F.) ;
#2985=ORIENTED_EDGE('',*,*,#1341,.T.) ;
#2986=ORIENTED_EDGE('',*,*,#2578,.F.) ;
#2995=ORIENTED_EDGE('',*,*,#1317,.T.) ;
#2996=ORIENTED_EDGE('',*,*,#1834,.T.) ;
#2997=ORIENTED_EDGE('',*,*,#1348,.F.) ;
#3006=ORIENTED_EDGE('',*,*,#1894,.T.) ;
#3007=ORIENTED_EDGE('',*,*,#1279,.T.) ;
#3008=ORIENTED_EDGE('',*,*,#1384,.F.) ;
#3017=ORIENTED_EDGE('',*,*,#1889,.F.) ;
#3018=ORIENTED_EDGE('',*,*,#2202,.T.) ;
#3019=ORIENTED_EDGE('',*,*,#1810,.T.) ;
#3020=ORIENTED_EDGE('',*,*,#1286,.F.) ;
#3037=ORIENTED_EDGE('',*,*,#3030,.T.) ;
#3038=ORIENTED_EDGE('',*,*,#3035,.T.) ;
#3041=ORIENTED_EDGE('',*,*,#1146,.T.) ;
#3042=ORIENTED_EDGE('',*,*,#1129,.T.) ;
#3045=ORIENTED_EDGE('',*,*,#1184,.T.) ;
#3046=ORIENTED_EDGE('',*,*,#1167,.T.) ;
#3063=ORIENTED_EDGE('',*,*,#3056,.T.) ;
#3064=ORIENTED_EDGE('',*,*,#3061,.T.) ;
#3081=ORIENTED_EDGE('',*,*,#3074,.T.) ;
#3082=ORIENTED_EDGE('',*,*,#3079,.T.) ;
#3099=ORIENTED_EDGE('',*,*,#3092,.T.) ;
#3100=ORIENTED_EDGE('',*,*,#3097,.T.) ;
#3117=ORIENTED_EDGE('',*,*,#3110,.T.) ;
#3118=ORIENTED_EDGE('',*,*,#3115,.T.) ;
#3135=ORIENTED_EDGE('',*,*,#3128,.T.) ;
#3136=ORIENTED_EDGE('',*,*,#3133,.T.) ;
#3153=ORIENTED_EDGE('',*,*,#3146,.T.) ;
#3154=ORIENTED_EDGE('',*,*,#3151,.T.) ;
#3168=ORIENTED_EDGE('',*,*,#3161,.F.) ;
#3169=ORIENTED_EDGE('',*,*,#1788,.T.) ;
#3170=ORIENTED_EDGE('',*,*,#3166,.T.) ;
#3171=ORIENTED_EDGE('',*,*,#287,.T.) ;
#3175=ORIENTED_EDGE('',*,*,#3166,.F.) ;
#3176=ORIENTED_EDGE('',*,*,#1783,.T.) ;
#3177=ORIENTED_EDGE('',*,*,#3161,.T.) ;
#3178=ORIENTED_EDGE('',*,*,#282,.T.) ;
#3192=ORIENTED_EDGE('',*,*,#3185,.F.) ;
#3193=ORIENTED_EDGE('',*,*,#1770,.T.) ;
#3194=ORIENTED_EDGE('',*,*,#3190,.T.) ;
#3195=ORIENTED_EDGE('',*,*,#269,.T.) ;
#3199=ORIENTED_EDGE('',*,*,#3190,.F.) ;
#3200=ORIENTED_EDGE('',*,*,#1765,.T.) ;
#3201=ORIENTED_EDGE('',*,*,#3185,.T.) ;
#3202=ORIENTED_EDGE('',*,*,#264,.T.) ;
#3216=ORIENTED_EDGE('',*,*,#3209,.F.) ;
#3217=ORIENTED_EDGE('',*,*,#1752,.T.) ;
#3218=ORIENTED_EDGE('',*,*,#3214,.T.) ;
#3219=ORIENTED_EDGE('',*,*,#251,.T.) ;
#3223=ORIENTED_EDGE('',*,*,#3214,.F.) ;
#3224=ORIENTED_EDGE('',*,*,#1747,.T.) ;
#3225=ORIENTED_EDGE('',*,*,#3209,.T.) ;
#3226=ORIENTED_EDGE('',*,*,#246,.T.) ;
#3240=ORIENTED_EDGE('',*,*,#3233,.F.) ;
#3241=ORIENTED_EDGE('',*,*,#1734,.T.) ;
#3242=ORIENTED_EDGE('',*,*,#3238,.T.) ;
#3243=ORIENTED_EDGE('',*,*,#233,.T.) ;
#3247=ORIENTED_EDGE('',*,*,#3238,.F.) ;
#3248=ORIENTED_EDGE('',*,*,#1729,.T.) ;
#3249=ORIENTED_EDGE('',*,*,#3233,.T.) ;
#3250=ORIENTED_EDGE('',*,*,#228,.T.) ;
#3264=ORIENTED_EDGE('',*,*,#3257,.F.) ;
#3265=ORIENTED_EDGE('',*,*,#1716,.T.) ;
#3266=ORIENTED_EDGE('',*,*,#3262,.T.) ;
#3267=ORIENTED_EDGE('',*,*,#215,.T.) ;
#3271=ORIENTED_EDGE('',*,*,#3262,.F.) ;
#3272=ORIENTED_EDGE('',*,*,#1711,.T.) ;
#3273=ORIENTED_EDGE('',*,*,#3257,.T.) ;
#3274=ORIENTED_EDGE('',*,*,#210,.T.) ;
#3288=ORIENTED_EDGE('',*,*,#3281,.F.) ;
#3289=ORIENTED_EDGE('',*,*,#1698,.T.) ;
#3290=ORIENTED_EDGE('',*,*,#3286,.T.) ;
#3291=ORIENTED_EDGE('',*,*,#197,.T.) ;
#3295=ORIENTED_EDGE('',*,*,#3286,.F.) ;
#3296=ORIENTED_EDGE('',*,*,#1693,.T.) ;
#3297=ORIENTED_EDGE('',*,*,#3281,.T.) ;
#3298=ORIENTED_EDGE('',*,*,#192,.T.) ;
#3312=ORIENTED_EDGE('',*,*,#3305,.T.) ;
#3313=ORIENTED_EDGE('',*,*,#1680,.T.) ;
#3314=ORIENTED_EDGE('',*,*,#3310,.F.) ;
#3315=ORIENTED_EDGE('',*,*,#179,.T.) ;
#3319=ORIENTED_EDGE('',*,*,#3310,.T.) ;
#3320=ORIENTED_EDGE('',*,*,#1675,.T.) ;
#3321=ORIENTED_EDGE('',*,*,#3305,.F.) ;
#3322=ORIENTED_EDGE('',*,*,#174,.T.) ;
#3336=ORIENTED_EDGE('',*,*,#3329,.F.) ;
#3337=ORIENTED_EDGE('',*,*,#1662,.T.) ;
#3338=ORIENTED_EDGE('',*,*,#3334,.T.) ;
#3339=ORIENTED_EDGE('',*,*,#161,.T.) ;
#3343=ORIENTED_EDGE('',*,*,#3334,.F.) ;
#3344=ORIENTED_EDGE('',*,*,#1657,.T.) ;
#3345=ORIENTED_EDGE('',*,*,#3329,.T.) ;
#3346=ORIENTED_EDGE('',*,*,#156,.T.) ;
#3360=ORIENTED_EDGE('',*,*,#3353,.F.) ;
#3361=ORIENTED_EDGE('',*,*,#1644,.T.) ;
#3362=ORIENTED_EDGE('',*,*,#3358,.T.) ;
#3363=ORIENTED_EDGE('',*,*,#143,.T.) ;
#3367=ORIENTED_EDGE('',*,*,#3358,.F.) ;
#3368=ORIENTED_EDGE('',*,*,#1639,.T.) ;
#3369=ORIENTED_EDGE('',*,*,#3353,.T.) ;
#3370=ORIENTED_EDGE('',*,*,#138,.T.) ;
#3391=ORIENTED_EDGE('',*,*,#3384,.T.) ;
#3392=ORIENTED_EDGE('',*,*,#123,.T.) ;
#3393=ORIENTED_EDGE('',*,*,#554,.T.) ;
#3394=ORIENTED_EDGE('',*,*,#3389,.T.) ;
#3397=ORIENTED_EDGE('',*,*,#2257,.F.) ;
#3398=ORIENTED_EDGE('',*,*,#2245,.F.) ;
#3401=ORIENTED_EDGE('',*,*,#2283,.F.) ;
#3402=ORIENTED_EDGE('',*,*,#2295,.F.) ;
#3405=ORIENTED_EDGE('',*,*,#2311,.F.) ;
#3406=ORIENTED_EDGE('',*,*,#2333,.F.) ;
#3409=ORIENTED_EDGE('',*,*,#2371,.F.) ;
#3410=ORIENTED_EDGE('',*,*,#2359,.F.) ;
#3413=ORIENTED_EDGE('',*,*,#2409,.F.) ;
#3414=ORIENTED_EDGE('',*,*,#2397,.F.) ;
#3417=ORIENTED_EDGE('',*,*,#2447,.F.) ;
#3418=ORIENTED_EDGE('',*,*,#2435,.F.) ;
#3421=ORIENTED_EDGE('',*,*,#2485,.F.) ;
#3422=ORIENTED_EDGE('',*,*,#2473,.F.) ;
#3425=ORIENTED_EDGE('',*,*,#2523,.F.) ;
#3426=ORIENTED_EDGE('',*,*,#2511,.F.) ;
#3429=ORIENTED_EDGE('',*,*,#2561,.F.) ;
#3430=ORIENTED_EDGE('',*,*,#2549,.F.) ;
#3444=ORIENTED_EDGE('',*,*,#559,.F.) ;
#3445=ORIENTED_EDGE('',*,*,#306,.T.) ;
#3446=ORIENTED_EDGE('',*,*,#3442,.T.) ;
#3447=ORIENTED_EDGE('',*,*,#3389,.F.) ;
#3450=ORIENTED_EDGE('',*,*,#2970,.F.) ;
#3451=ORIENTED_EDGE('',*,*,#2958,.F.) ;
#3454=ORIENTED_EDGE('',*,*,#2927,.F.) ;
#3455=ORIENTED_EDGE('',*,*,#2915,.F.) ;
#3458=ORIENTED_EDGE('',*,*,#2884,.F.) ;
#3459=ORIENTED_EDGE('',*,*,#2872,.F.) ;
#3462=ORIENTED_EDGE('',*,*,#2841,.F.) ;
#3463=ORIENTED_EDGE('',*,*,#2829,.F.) ;
#3466=ORIENTED_EDGE('',*,*,#2798,.F.) ;
#3467=ORIENTED_EDGE('',*,*,#2786,.F.) ;
#3470=ORIENTED_EDGE('',*,*,#2755,.F.) ;
#3471=ORIENTED_EDGE('',*,*,#2743,.F.) ;
#3474=ORIENTED_EDGE('',*,*,#2712,.F.) ;
#3475=ORIENTED_EDGE('',*,*,#2700,.F.) ;
#3478=ORIENTED_EDGE('',*,*,#2669,.F.) ;
#3479=ORIENTED_EDGE('',*,*,#2657,.F.) ;
#3482=ORIENTED_EDGE('',*,*,#2626,.F.) ;
#3483=ORIENTED_EDGE('',*,*,#2614,.F.) ;
#3492=ORIENTED_EDGE('',*,*,#2219,.T.) ;
#3493=ORIENTED_EDGE('',*,*,#2583,.T.) ;
#3494=ORIENTED_EDGE('',*,*,#1353,.F.) ;
#3495=ORIENTED_EDGE('',*,*,#1829,.F.) ;
#3512=ORIENTED_EDGE('',*,*,#3505,.T.) ;
#3513=ORIENTED_EDGE('',*,*,#3510,.T.) ;
#3521=ORIENTED_EDGE('',*,*,#71,.T.) ;
#3522=ORIENTED_EDGE('',*,*,#3519,.T.) ;
#3525=ORIENTED_EDGE('',*,*,#530,.T.) ;
#3526=ORIENTED_EDGE('',*,*,#506,.T.) ;
#3543=ORIENTED_EDGE('',*,*,#3536,.T.) ;
#3544=ORIENTED_EDGE('',*,*,#3541,.T.) ;
#3561=ORIENTED_EDGE('',*,*,#3554,.T.) ;
#3562=ORIENTED_EDGE('',*,*,#3559,.T.) ;
#3579=ORIENTED_EDGE('',*,*,#3572,.T.) ;
#3580=ORIENTED_EDGE('',*,*,#3577,.T.) ;
#3597=ORIENTED_EDGE('',*,*,#3590,.T.) ;
#3598=ORIENTED_EDGE('',*,*,#3595,.T.) ;
#3615=ORIENTED_EDGE('',*,*,#3608,.T.) ;
#3616=ORIENTED_EDGE('',*,*,#3613,.T.) ;
#3633=ORIENTED_EDGE('',*,*,#3626,.T.) ;
#3634=ORIENTED_EDGE('',*,*,#3631,.T.) ;
#3643=ORIENTED_EDGE('',*,*,#78,.T.) ;
#3644=ORIENTED_EDGE('',*,*,#3519,.F.) ;
#3645=ORIENTED_EDGE('',*,*,#64,.F.) ;
#3646=ORIENTED_EDGE('',*,*,#3641,.F.) ;
#3655=ORIENTED_EDGE('',*,*,#3384,.F.) ;
#3656=ORIENTED_EDGE('',*,*,#3442,.F.) ;
#3657=ORIENTED_EDGE('',*,*,#316,.T.) ;
#3658=ORIENTED_EDGE('',*,*,#104,.T.) ;
#3675=ORIENTED_EDGE('',*,*,#3668,.T.) ;
#3676=ORIENTED_EDGE('',*,*,#3673,.T.) ;
#3679=ORIENTED_EDGE('',*,*,#83,.T.) ;
#3680=ORIENTED_EDGE('',*,*,#3641,.T.) ;
#3683=ORIENTED_EDGE('',*,*,#535,.T.) ;
#3684=ORIENTED_EDGE('',*,*,#518,.T.) ;
#3701=ORIENTED_EDGE('',*,*,#3694,.T.) ;
#3702=ORIENTED_EDGE('',*,*,#3699,.T.) ;
#3719=ORIENTED_EDGE('',*,*,#3712,.T.) ;
#3720=ORIENTED_EDGE('',*,*,#3717,.T.) ;
#3737=ORIENTED_EDGE('',*,*,#3730,.T.) ;
#3738=ORIENTED_EDGE('',*,*,#3735,.T.) ;
#3755=ORIENTED_EDGE('',*,*,#3748,.T.) ;
#3756=ORIENTED_EDGE('',*,*,#3753,.T.) ;
#3773=ORIENTED_EDGE('',*,*,#3766,.T.) ;
#3774=ORIENTED_EDGE('',*,*,#3771,.T.) ;
#3791=ORIENTED_EDGE('',*,*,#3784,.T.) ;
#3792=ORIENTED_EDGE('',*,*,#3789,.T.) ;
#3811=ORIENTED_EDGE('',*,*,#3804,.T.) ;
#3812=ORIENTED_EDGE('',*,*,#3505,.F.) ;
#3813=ORIENTED_EDGE('',*,*,#3809,.F.) ;
#3814=ORIENTED_EDGE('',*,*,#3668,.F.) ;
#3818=ORIENTED_EDGE('',*,*,#3809,.T.) ;
#3819=ORIENTED_EDGE('',*,*,#3510,.F.) ;
#3820=ORIENTED_EDGE('',*,*,#3804,.F.) ;
#3821=ORIENTED_EDGE('',*,*,#3673,.F.) ;
#3835=ORIENTED_EDGE('',*,*,#3828,.F.) ;
#3836=ORIENTED_EDGE('',*,*,#3030,.F.) ;
#3837=ORIENTED_EDGE('',*,*,#3833,.T.) ;
#3838=ORIENTED_EDGE('',*,*,#574,.F.) ;
#3842=ORIENTED_EDGE('',*,*,#3833,.F.) ;
#3843=ORIENTED_EDGE('',*,*,#3035,.F.) ;
#3844=ORIENTED_EDGE('',*,*,#3828,.T.) ;
#3845=ORIENTED_EDGE('',*,*,#579,.F.) ;
#3864=ORIENTED_EDGE('',*,*,#3857,.T.) ;
#3865=ORIENTED_EDGE('',*,*,#3536,.F.) ;
#3866=ORIENTED_EDGE('',*,*,#3862,.F.) ;
#3867=ORIENTED_EDGE('',*,*,#3694,.F.) ;
#3871=ORIENTED_EDGE('',*,*,#3862,.T.) ;
#3872=ORIENTED_EDGE('',*,*,#3541,.F.) ;
#3873=ORIENTED_EDGE('',*,*,#3857,.F.) ;
#3874=ORIENTED_EDGE('',*,*,#3699,.F.) ;
#3888=ORIENTED_EDGE('',*,*,#3881,.F.) ;
#3889=ORIENTED_EDGE('',*,*,#3056,.F.) ;
#3890=ORIENTED_EDGE('',*,*,#3886,.T.) ;
#3891=ORIENTED_EDGE('',*,*,#628,.F.) ;
#3895=ORIENTED_EDGE('',*,*,#3886,.F.) ;
#3896=ORIENTED_EDGE('',*,*,#3061,.F.) ;
#3897=ORIENTED_EDGE('',*,*,#3881,.T.) ;
#3898=ORIENTED_EDGE('',*,*,#633,.F.) ;
#3917=ORIENTED_EDGE('',*,*,#3910,.T.) ;
#3918=ORIENTED_EDGE('',*,*,#3554,.F.) ;
#3919=ORIENTED_EDGE('',*,*,#3915,.F.) ;
#3920=ORIENTED_EDGE('',*,*,#3712,.F.) ;
#3924=ORIENTED_EDGE('',*,*,#3915,.T.) ;
#3925=ORIENTED_EDGE('',*,*,#3559,.F.) ;
#3926=ORIENTED_EDGE('',*,*,#3910,.F.) ;
#3927=ORIENTED_EDGE('',*,*,#3717,.F.) ;
#3941=ORIENTED_EDGE('',*,*,#3934,.F.) ;
#3942=ORIENTED_EDGE('',*,*,#3074,.F.) ;
#3943=ORIENTED_EDGE('',*,*,#3939,.T.) ;
#3944=ORIENTED_EDGE('',*,*,#646,.F.) ;
#3948=ORIENTED_EDGE('',*,*,#3939,.F.) ;
#3949=ORIENTED_EDGE('',*,*,#3079,.F.) ;
#3950=ORIENTED_EDGE('',*,*,#3934,.T.) ;
#3951=ORIENTED_EDGE('',*,*,#651,.F.) ;
#3970=ORIENTED_EDGE('',*,*,#3963,.T.) ;
#3971=ORIENTED_EDGE('',*,*,#3572,.F.) ;
#3972=ORIENTED_EDGE('',*,*,#3968,.F.) ;
#3973=ORIENTED_EDGE('',*,*,#3730,.F.) ;
#3977=ORIENTED_EDGE('',*,*,#3968,.T.) ;
#3978=ORIENTED_EDGE('',*,*,#3577,.F.) ;
#3979=ORIENTED_EDGE('',*,*,#3963,.F.) ;
#3980=ORIENTED_EDGE('',*,*,#3735,.F.) ;
#3994=ORIENTED_EDGE('',*,*,#3987,.F.) ;
#3995=ORIENTED_EDGE('',*,*,#3092,.F.) ;
#3996=ORIENTED_EDGE('',*,*,#3992,.T.) ;
#3997=ORIENTED_EDGE('',*,*,#664,.F.) ;
#4001=ORIENTED_EDGE('',*,*,#3992,.F.) ;
#4002=ORIENTED_EDGE('',*,*,#3097,.F.) ;
#4003=ORIENTED_EDGE('',*,*,#3987,.T.) ;
#4004=ORIENTED_EDGE('',*,*,#669,.F.) ;
#4023=ORIENTED_EDGE('',*,*,#4016,.T.) ;
#4024=ORIENTED_EDGE('',*,*,#3590,.F.) ;
#4025=ORIENTED_EDGE('',*,*,#4021,.F.) ;
#4026=ORIENTED_EDGE('',*,*,#3748,.F.) ;
#4030=ORIENTED_EDGE('',*,*,#4021,.T.) ;
#4031=ORIENTED_EDGE('',*,*,#3595,.F.) ;
#4032=ORIENTED_EDGE('',*,*,#4016,.F.) ;
#4033=ORIENTED_EDGE('',*,*,#3753,.F.) ;
#4047=ORIENTED_EDGE('',*,*,#4040,.F.) ;
#4048=ORIENTED_EDGE('',*,*,#3110,.F.) ;
#4049=ORIENTED_EDGE('',*,*,#4045,.T.) ;
#4050=ORIENTED_EDGE('',*,*,#682,.F.) ;
#4054=ORIENTED_EDGE('',*,*,#4045,.F.) ;
#4055=ORIENTED_EDGE('',*,*,#3115,.F.) ;
#4056=ORIENTED_EDGE('',*,*,#4040,.T.) ;
#4057=ORIENTED_EDGE('',*,*,#687,.F.) ;
#4076=ORIENTED_EDGE('',*,*,#4069,.T.) ;
#4077=ORIENTED_EDGE('',*,*,#3608,.F.) ;
#4078=ORIENTED_EDGE('',*,*,#4074,.F.) ;
#4079=ORIENTED_EDGE('',*,*,#3766,.F.) ;
#4083=ORIENTED_EDGE('',*,*,#4074,.T.) ;
#4084=ORIENTED_EDGE('',*,*,#3613,.F.) ;
#4085=ORIENTED_EDGE('',*,*,#4069,.F.) ;
#4086=ORIENTED_EDGE('',*,*,#3771,.F.) ;
#4100=ORIENTED_EDGE('',*,*,#4093,.F.) ;
#4101=ORIENTED_EDGE('',*,*,#3128,.F.) ;
#4102=ORIENTED_EDGE('',*,*,#4098,.T.) ;
#4103=ORIENTED_EDGE('',*,*,#700,.F.) ;
#4107=ORIENTED_EDGE('',*,*,#4098,.F.) ;
#4108=ORIENTED_EDGE('',*,*,#3133,.F.) ;
#4109=ORIENTED_EDGE('',*,*,#4093,.T.) ;
#4110=ORIENTED_EDGE('',*,*,#705,.F.) ;
#4129=ORIENTED_EDGE('',*,*,#4122,.T.) ;
#4130=ORIENTED_EDGE('',*,*,#3626,.F.) ;
#4131=ORIENTED_EDGE('',*,*,#4127,.F.) ;
#4132=ORIENTED_EDGE('',*,*,#3784,.F.) ;
#4136=ORIENTED_EDGE('',*,*,#4127,.T.) ;
#4137=ORIENTED_EDGE('',*,*,#3631,.F.) ;
#4138=ORIENTED_EDGE('',*,*,#4122,.F.) ;
#4139=ORIENTED_EDGE('',*,*,#3789,.F.) ;
#4153=ORIENTED_EDGE('',*,*,#4146,.F.) ;
#4154=ORIENTED_EDGE('',*,*,#3146,.F.) ;
#4155=ORIENTED_EDGE('',*,*,#4151,.T.) ;
#4156=ORIENTED_EDGE('',*,*,#718,.F.) ;
#4160=ORIENTED_EDGE('',*,*,#4151,.F.) ;
#4161=ORIENTED_EDGE('',*,*,#3151,.F.) ;
#4162=ORIENTED_EDGE('',*,*,#4146,.T.) ;
#4163=ORIENTED_EDGE('',*,*,#723,.F.) ;
#147=FACE_BOUND('',#144,.T.) ;
#165=FACE_BOUND('',#162,.T.) ;
#183=FACE_BOUND('',#180,.T.) ;
#201=FACE_BOUND('',#198,.T.) ;
#219=FACE_BOUND('',#216,.T.) ;
#237=FACE_BOUND('',#234,.T.) ;
#255=FACE_BOUND('',#252,.T.) ;
#273=FACE_BOUND('',#270,.T.) ;
#291=FACE_BOUND('',#288,.T.) ;
#340=FACE_BOUND('',#337,.T.) ;
#358=FACE_BOUND('',#355,.T.) ;
#376=FACE_BOUND('',#373,.T.) ;
#394=FACE_BOUND('',#391,.T.) ;
#412=FACE_BOUND('',#409,.T.) ;
#430=FACE_BOUND('',#427,.T.) ;
#448=FACE_BOUND('',#445,.T.) ;
#466=FACE_BOUND('',#463,.T.) ;
#484=FACE_BOUND('',#481,.T.) ;
#583=FACE_BOUND('',#580,.T.) ;
#601=FACE_BOUND('',#598,.T.) ;
#619=FACE_BOUND('',#616,.T.) ;
#637=FACE_BOUND('',#634,.T.) ;
#655=FACE_BOUND('',#652,.T.) ;
#673=FACE_BOUND('',#670,.T.) ;
#691=FACE_BOUND('',#688,.T.) ;
#709=FACE_BOUND('',#706,.T.) ;
#727=FACE_BOUND('',#724,.T.) ;
#1234=FACE_BOUND('',#1231,.T.) ;
#1238=FACE_BOUND('',#1235,.T.) ;
#1242=FACE_BOUND('',#1239,.T.) ;
#1246=FACE_BOUND('',#1243,.T.) ;
#1250=FACE_BOUND('',#1247,.T.) ;
#1254=FACE_BOUND('',#1251,.T.) ;
#1258=FACE_BOUND('',#1255,.T.) ;
#1262=FACE_BOUND('',#1259,.T.) ;
#1266=FACE_BOUND('',#1263,.T.) ;
#1455=FACE_BOUND('',#1452,.T.) ;
#1473=FACE_BOUND('',#1470,.T.) ;
#1491=FACE_BOUND('',#1488,.T.) ;
#1509=FACE_BOUND('',#1506,.T.) ;
#1527=FACE_BOUND('',#1524,.T.) ;
#1545=FACE_BOUND('',#1542,.T.) ;
#1563=FACE_BOUND('',#1560,.T.) ;
#1581=FACE_BOUND('',#1578,.T.) ;
#1599=FACE_BOUND('',#1596,.T.) ;
#1648=FACE_BOUND('',#1645,.T.) ;
#1666=FACE_BOUND('',#1663,.T.) ;
#1684=FACE_BOUND('',#1681,.T.) ;
#1702=FACE_BOUND('',#1699,.T.) ;
#1720=FACE_BOUND('',#1717,.T.) ;
#1738=FACE_BOUND('',#1735,.T.) ;
#1756=FACE_BOUND('',#1753,.T.) ;
#1774=FACE_BOUND('',#1771,.T.) ;
#1792=FACE_BOUND('',#1789,.T.) ;
#2008=FACE_BOUND('',#2005,.T.) ;
#2026=FACE_BOUND('',#2023,.T.) ;
#2044=FACE_BOUND('',#2041,.T.) ;
#2062=FACE_BOUND('',#2059,.T.) ;
#2080=FACE_BOUND('',#2077,.T.) ;
#2098=FACE_BOUND('',#2095,.T.) ;
#2116=FACE_BOUND('',#2113,.T.) ;
#2134=FACE_BOUND('',#2131,.T.) ;
#2152=FACE_BOUND('',#2149,.T.) ;
#3039=FACE_BOUND('',#3036,.T.) ;
#3043=FACE_BOUND('',#3040,.T.) ;
#3047=FACE_BOUND('',#3044,.T.) ;
#3065=FACE_BOUND('',#3062,.T.) ;
#3083=FACE_BOUND('',#3080,.T.) ;
#3101=FACE_BOUND('',#3098,.T.) ;
#3119=FACE_BOUND('',#3116,.T.) ;
#3137=FACE_BOUND('',#3134,.T.) ;
#3155=FACE_BOUND('',#3152,.T.) ;
#3399=FACE_BOUND('',#3396,.T.) ;
#3403=FACE_BOUND('',#3400,.T.) ;
#3407=FACE_BOUND('',#3404,.T.) ;
#3411=FACE_BOUND('',#3408,.T.) ;
#3415=FACE_BOUND('',#3412,.T.) ;
#3419=FACE_BOUND('',#3416,.T.) ;
#3423=FACE_BOUND('',#3420,.T.) ;
#3427=FACE_BOUND('',#3424,.T.) ;
#3431=FACE_BOUND('',#3428,.T.) ;
#3452=FACE_BOUND('',#3449,.T.) ;
#3456=FACE_BOUND('',#3453,.T.) ;
#3460=FACE_BOUND('',#3457,.T.) ;
#3464=FACE_BOUND('',#3461,.T.) ;
#3468=FACE_BOUND('',#3465,.T.) ;
#3472=FACE_BOUND('',#3469,.T.) ;
#3476=FACE_BOUND('',#3473,.T.) ;
#3480=FACE_BOUND('',#3477,.T.) ;
#3484=FACE_BOUND('',#3481,.T.) ;
#3514=FACE_BOUND('',#3511,.T.) ;
#3523=FACE_BOUND('',#3520,.T.) ;
#3527=FACE_BOUND('',#3524,.T.) ;
#3545=FACE_BOUND('',#3542,.T.) ;
#3563=FACE_BOUND('',#3560,.T.) ;
#3581=FACE_BOUND('',#3578,.T.) ;
#3599=FACE_BOUND('',#3596,.T.) ;
#3617=FACE_BOUND('',#3614,.T.) ;
#3635=FACE_BOUND('',#3632,.T.) ;
#3677=FACE_BOUND('',#3674,.T.) ;
#3681=FACE_BOUND('',#3678,.T.) ;
#3685=FACE_BOUND('',#3682,.T.) ;
#3703=FACE_BOUND('',#3700,.T.) ;
#3721=FACE_BOUND('',#3718,.T.) ;
#3739=FACE_BOUND('',#3736,.T.) ;
#3757=FACE_BOUND('',#3754,.T.) ;
#3775=FACE_BOUND('',#3772,.T.) ;
#3793=FACE_BOUND('',#3790,.T.) ;
#50=CLOSED_SHELL('Closed Shell',(#90,#292,#485,#525,#542,#728,#759,#771,#802,#814,#845,#857,#888,#900,#931,#943,#974,#986,#1017,#1029,#1060,#1072,#1103,#1115,#1141,#1153,#1179,#1191,#1267,#1298,#1329,#1360,#1391,#1407,#1600,#1793,#1817,#1846,#1877,#1906,#1937,#1953,#1969,#2153,#2169,#2192,#2209,#2226,#2252,#2264,#2290,#2302,#2328,#2340,#2366,#2378,#2404,#2416,#2442,#2454,#2480,#2492,#2518,#2530,#2556,#2568,#2590,#2621,#2633,#2664,#2676,#2707,#2719,#2750,#2762,#2793,#2805,#2836,#2848,#2879,#2891,#2922,#2934,#2965,#2977,#2988,#2999,#3010,#3156,#3173,#3180,#3197,#3204,#3221,#3228,#3245,#3252,#3269,#3276,#3293,#3300,#3317,#3324,#3341,#3348,#3365,#3372,#3432,#3485,#3636,#3648,#3794,#3816,#3823,#3840,#3847,#3869,#3876,#3893,#3900,#3922,#3929,#3946,#3953,#3975,#3982,#3999,#4006,#4028,#4035,#4052,#4059,#4081,#4088,#4105,#4112,#4134,#4141,#4158,#4165)) ;
#58=VECTOR('Line Direction',#57,1.) ;
#74=VECTOR('Line Direction',#73,1.) ;
#98=VECTOR('Line Direction',#97,1.) ;
#107=VECTOR('Line Direction',#106,1.) ;
#114=VECTOR('Line Direction',#113,1.) ;
#121=VECTOR('Line Direction',#120,1.) ;
#300=VECTOR('Line Direction',#299,1.) ;
#309=VECTOR('Line Direction',#308,1.) ;
#314=VECTOR('Line Direction',#313,1.) ;
#493=VECTOR('Line Direction',#492,1.) ;
#509=VECTOR('Line Direction',#508,1.) ;
#550=VECTOR('Line Direction',#549,1.) ;
#557=VECTOR('Line Direction',#556,1.) ;
#736=VECTOR('Line Direction',#735,1.) ;
#750=VECTOR('Line Direction',#749,1.) ;
#779=VECTOR('Line Direction',#778,1.) ;
#793=VECTOR('Line Direction',#792,1.) ;
#822=VECTOR('Line Direction',#821,1.) ;
#836=VECTOR('Line Direction',#835,1.) ;
#865=VECTOR('Line Direction',#864,1.) ;
#879=VECTOR('Line Direction',#878,1.) ;
#908=VECTOR('Line Direction',#907,1.) ;
#922=VECTOR('Line Direction',#921,1.) ;
#951=VECTOR('Line Direction',#950,1.) ;
#965=VECTOR('Line Direction',#964,1.) ;
#994=VECTOR('Line Direction',#993,1.) ;
#1008=VECTOR('Line Direction',#1007,1.) ;
#1037=VECTOR('Line Direction',#1036,1.) ;
#1051=VECTOR('Line Direction',#1050,1.) ;
#1080=VECTOR('Line Direction',#1079,1.) ;
#1094=VECTOR('Line Direction',#1093,1.) ;
#1118=VECTOR('Line Direction',#1117,1.) ;
#1132=VECTOR('Line Direction',#1131,1.) ;
#1156=VECTOR('Line Direction',#1155,1.) ;
#1170=VECTOR('Line Direction',#1169,1.) ;
#1199=VECTOR('Line Direction',#1198,1.) ;
#1208=VECTOR('Line Direction',#1207,1.) ;
#1215=VECTOR('Line Direction',#1214,1.) ;
#1222=VECTOR('Line Direction',#1221,1.) ;
#1275=VECTOR('Line Direction',#1274,1.) ;
#1282=VECTOR('Line Direction',#1281,1.) ;
#1289=VECTOR('Line Direction',#1288,1.) ;
#1306=VECTOR('Line Direction',#1305,1.) ;
#1315=VECTOR('Line Direction',#1314,1.) ;
#1320=VECTOR('Line Direction',#1319,1.) ;
#1337=VECTOR('Line Direction',#1336,1.) ;
#1344=VECTOR('Line Direction',#1343,1.) ;
#1351=VECTOR('Line Direction',#1350,1.) ;
#1368=VECTOR('Line Direction',#1367,1.) ;
#1375=VECTOR('Line Direction',#1374,1.) ;
#1382=VECTOR('Line Direction',#1381,1.) ;
#1399=VECTOR('Line Direction',#1398,1.) ;
#1415=VECTOR('Line Direction',#1414,1.) ;
#1422=VECTOR('Line Direction',#1421,1.) ;
#1429=VECTOR('Line Direction',#1428,1.) ;
#1608=VECTOR('Line Direction',#1607,1.) ;
#1615=VECTOR('Line Direction',#1614,1.) ;
#1622=VECTOR('Line Direction',#1621,1.) ;
#1801=VECTOR('Line Direction',#1800,1.) ;
#1808=VECTOR('Line Direction',#1807,1.) ;
#1825=VECTOR('Line Direction',#1824,1.) ;
#1832=VECTOR('Line Direction',#1831,1.) ;
#1837=VECTOR('Line Direction',#1836,1.) ;
#1854=VECTOR('Line Direction',#1853,1.) ;
#1863=VECTOR('Line Direction',#1862,1.) ;
#1868=VECTOR('Line Direction',#1867,1.) ;
#1885=VECTOR('Line Direction',#1884,1.) ;
#1892=VECTOR('Line Direction',#1891,1.) ;
#1897=VECTOR('Line Direction',#1896,1.) ;
#1914=VECTOR('Line Direction',#1913,1.) ;
#1921=VECTOR('Line Direction',#1920,1.) ;
#1928=VECTOR('Line Direction',#1927,1.) ;
#1945=VECTOR('Line Direction',#1944,1.) ;
#1961=VECTOR('Line Direction',#1960,1.) ;
#1977=VECTOR('Line Direction',#1976,1.) ;
#1982=VECTOR('Line Direction',#1981,1.) ;
#2161=VECTOR('Line Direction',#2160,1.) ;
#2177=VECTOR('Line Direction',#2176,1.) ;
#2184=VECTOR('Line Direction',#2183,1.) ;
#2200=VECTOR('Line Direction',#2199,1.) ;
#2217=VECTOR('Line Direction',#2216,1.) ;
#2229=VECTOR('Line Direction',#2228,1.) ;
#2236=VECTOR('Line Direction',#2235,1.) ;
#2267=VECTOR('Line Direction',#2266,1.) ;
#2274=VECTOR('Line Direction',#2273,1.) ;
#2314=VECTOR('Line Direction',#2313,1.) ;
#2319=VECTOR('Line Direction',#2318,1.) ;
#2343=VECTOR('Line Direction',#2342,1.) ;
#2350=VECTOR('Line Direction',#2349,1.) ;
#2381=VECTOR('Line Direction',#2380,1.) ;
#2388=VECTOR('Line Direction',#2387,1.) ;
#2419=VECTOR('Line Direction',#2418,1.) ;
#2426=VECTOR('Line Direction',#2425,1.) ;
#2457=VECTOR('Line Direction',#2456,1.) ;
#2464=VECTOR('Line Direction',#2463,1.) ;
#2495=VECTOR('Line Direction',#2494,1.) ;
#2502=VECTOR('Line Direction',#2501,1.) ;
#2533=VECTOR('Line Direction',#2532,1.) ;
#2540=VECTOR('Line Direction',#2539,1.) ;
#2576=VECTOR('Line Direction',#2575,1.) ;
#2581=VECTOR('Line Direction',#2580,1.) ;
#2598=VECTOR('Line Direction',#2597,1.) ;
#2605=VECTOR('Line Direction',#2604,1.) ;
#2641=VECTOR('Line Direction',#2640,1.) ;
#2648=VECTOR('Line Direction',#2647,1.) ;
#2684=VECTOR('Line Direction',#2683,1.) ;
#2691=VECTOR('Line Direction',#2690,1.) ;
#2727=VECTOR('Line Direction',#2726,1.) ;
#2734=VECTOR('Line Direction',#2733,1.) ;
#2770=VECTOR('Line Direction',#2769,1.) ;
#2777=VECTOR('Line Direction',#2776,1.) ;
#2813=VECTOR('Line Direction',#2812,1.) ;
#2820=VECTOR('Line Direction',#2819,1.) ;
#2856=VECTOR('Line Direction',#2855,1.) ;
#2863=VECTOR('Line Direction',#2862,1.) ;
#2899=VECTOR('Line Direction',#2898,1.) ;
#2906=VECTOR('Line Direction',#2905,1.) ;
#2942=VECTOR('Line Direction',#2941,1.) ;
#2949=VECTOR('Line Direction',#2948,1.) ;
#3159=VECTOR('Line Direction',#3158,1.) ;
#3164=VECTOR('Line Direction',#3163,1.) ;
#3183=VECTOR('Line Direction',#3182,1.) ;
#3188=VECTOR('Line Direction',#3187,1.) ;
#3207=VECTOR('Line Direction',#3206,1.) ;
#3212=VECTOR('Line Direction',#3211,1.) ;
#3231=VECTOR('Line Direction',#3230,1.) ;
#3236=VECTOR('Line Direction',#3235,1.) ;
#3255=VECTOR('Line Direction',#3254,1.) ;
#3260=VECTOR('Line Direction',#3259,1.) ;
#3279=VECTOR('Line Direction',#3278,1.) ;
#3284=VECTOR('Line Direction',#3283,1.) ;
#3303=VECTOR('Line Direction',#3302,1.) ;
#3308=VECTOR('Line Direction',#3307,1.) ;
#3327=VECTOR('Line Direction',#3326,1.) ;
#3332=VECTOR('Line Direction',#3331,1.) ;
#3351=VECTOR('Line Direction',#3350,1.) ;
#3356=VECTOR('Line Direction',#3355,1.) ;
#3380=VECTOR('Line Direction',#3379,1.) ;
#3387=VECTOR('Line Direction',#3386,1.) ;
#3440=VECTOR('Line Direction',#3439,1.) ;
#3802=VECTOR('Line Direction',#3801,1.) ;
#3807=VECTOR('Line Direction',#3806,1.) ;
#3826=VECTOR('Line Direction',#3825,1.) ;
#3831=VECTOR('Line Direction',#3830,1.) ;
#3855=VECTOR('Line Direction',#3854,1.) ;
#3860=VECTOR('Line Direction',#3859,1.) ;
#3879=VECTOR('Line Direction',#3878,1.) ;
#3884=VECTOR('Line Direction',#3883,1.) ;
#3908=VECTOR('Line Direction',#3907,1.) ;
#3913=VECTOR('Line Direction',#3912,1.) ;
#3932=VECTOR('Line Direction',#3931,1.) ;
#3937=VECTOR('Line Direction',#3936,1.) ;
#3961=VECTOR('Line Direction',#3960,1.) ;
#3966=VECTOR('Line Direction',#3965,1.) ;
#3985=VECTOR('Line Direction',#3984,1.) ;
#3990=VECTOR('Line Direction',#3989,1.) ;
#4014=VECTOR('Line Direction',#4013,1.) ;
#4019=VECTOR('Line Direction',#4018,1.) ;
#4038=VECTOR('Line Direction',#4037,1.) ;
#4043=VECTOR('Line Direction',#4042,1.) ;
#4067=VECTOR('Line Direction',#4066,1.) ;
#4072=VECTOR('Line Direction',#4071,1.) ;
#4091=VECTOR('Line Direction',#4090,1.) ;
#4096=VECTOR('Line Direction',#4095,1.) ;
#4120=VECTOR('Line Direction',#4119,1.) ;
#4125=VECTOR('Line Direction',#4124,1.) ;
#4144=VECTOR('Line Direction',#4143,1.) ;
#4149=VECTOR('Line Direction',#4148,1.) ;
#4167=ADVANCED_BREP_SHAPE_REPRESENTATION('NONE',(#4166),#45) ;
#48=SHAPE_REPRESENTATION(' ',(#47),#45) ;
#90=ADVANCED_FACE('PartBody',(#89),#55,.F.) ;
#292=ADVANCED_FACE('PartBody',(#129,#147,#165,#183,#201,#219,#237,#255,#273,#291),#95,.T.) ;
#485=ADVANCED_FACE('PartBody',(#322,#340,#358,#376,#394,#412,#430,#448,#466,#484),#297,.F.) ;
#525=ADVANCED_FACE('PartBody',(#524),#490,.F.) ;
#542=ADVANCED_FACE('PartBody',(#541),#490,.F.) ;
#728=ADVANCED_FACE('PartBody',(#565,#583,#601,#619,#637,#655,#673,#691,#709,#727),#547,.F.) ;
#759=ADVANCED_FACE('PartBody',(#758),#733,.F.) ;
#771=ADVANCED_FACE('PartBody',(#770),#733,.F.) ;
#802=ADVANCED_FACE('PartBody',(#801),#776,.F.) ;
#814=ADVANCED_FACE('PartBody',(#813),#776,.F.) ;
#845=ADVANCED_FACE('PartBody',(#844),#819,.F.) ;
#857=ADVANCED_FACE('PartBody',(#856),#819,.F.) ;
#888=ADVANCED_FACE('PartBody',(#887),#862,.F.) ;
#900=ADVANCED_FACE('PartBody',(#899),#862,.F.) ;
#931=ADVANCED_FACE('PartBody',(#930),#905,.F.) ;
#943=ADVANCED_FACE('PartBody',(#942),#905,.F.) ;
#974=ADVANCED_FACE('PartBody',(#973),#948,.F.) ;
#986=ADVANCED_FACE('PartBody',(#985),#948,.F.) ;
#1017=ADVANCED_FACE('PartBody',(#1016),#991,.F.) ;
#1029=ADVANCED_FACE('PartBody',(#1028),#991,.F.) ;
#1060=ADVANCED_FACE('PartBody',(#1059),#1034,.F.) ;
#1072=ADVANCED_FACE('PartBody',(#1071),#1034,.F.) ;
#1103=ADVANCED_FACE('PartBody',(#1102),#1077,.F.) ;
#1115=ADVANCED_FACE('PartBody',(#1114),#1077,.F.) ;
#1141=ADVANCED_FACE('PartBody',(#1140),#55,.F.) ;
#1153=ADVANCED_FACE('PartBody',(#1152),#55,.F.) ;
#1179=ADVANCED_FACE('PartBody',(#1178),#490,.F.) ;
#1191=ADVANCED_FACE('PartBody',(#1190),#490,.F.) ;
#1267=ADVANCED_FACE('PartBody',(#1230,#1234,#1238,#1242,#1246,#1250,#1254,#1258,#1262,#1266),#1196,.T.) ;
#1298=ADVANCED_FACE('PartBody',(#1297),#1272,.F.) ;
#1329=ADVANCED_FACE('PartBody',(#1328),#1303,.T.) ;
#1360=ADVANCED_FACE('PartBody',(#1359),#1334,.F.) ;
#1391=ADVANCED_FACE('PartBody',(#1390),#1365,.T.) ;
#1407=ADVANCED_FACE('PartBody',(#1406),#1396,.T.) ;
#1600=ADVANCED_FACE('PartBody',(#1437,#1455,#1473,#1491,#1509,#1527,#1545,#1563,#1581,#1599),#1412,.T.) ;
#1793=ADVANCED_FACE('PartBody',(#1630,#1648,#1666,#1684,#1702,#1720,#1738,#1756,#1774,#1792),#1605,.T.) ;
#1817=ADVANCED_FACE('PartBody',(#1816),#1798,.F.) ;
#1846=ADVANCED_FACE('PartBody',(#1845),#1822,.T.) ;
#1877=ADVANCED_FACE('PartBody',(#1876),#1851,.T.) ;
#1906=ADVANCED_FACE('PartBody',(#1905),#1882,.T.) ;
#1937=ADVANCED_FACE('PartBody',(#1936),#1911,.T.) ;
#1953=ADVANCED_FACE('PartBody',(#1952),#1942,.T.) ;
#1969=ADVANCED_FACE('PartBody',(#1968),#1958,.F.) ;
#2153=ADVANCED_FACE('PartBody',(#1990,#2008,#2026,#2044,#2062,#2080,#2098,#2116,#2134,#2152),#1974,.F.) ;
#2169=ADVANCED_FACE('PartBody',(#2168),#2158,.F.) ;
#2192=ADVANCED_FACE('PartBody',(#2191),#2174,.F.) ;
#2209=ADVANCED_FACE('PartBody',(#2208),#2197,.T.) ;
#2226=ADVANCED_FACE('PartBody',(#2225),#2214,.T.) ;
#2252=ADVANCED_FACE('PartBody',(#2251),#733,.F.) ;
#2264=ADVANCED_FACE('PartBody',(#2263),#733,.F.) ;
#2290=ADVANCED_FACE('PartBody',(#2289),#776,.F.) ;
#2302=ADVANCED_FACE('PartBody',(#2301),#776,.F.) ;
#2328=ADVANCED_FACE('PartBody',(#2327),#819,.F.) ;
#2340=ADVANCED_FACE('PartBody',(#2339),#819,.F.) ;
#2366=ADVANCED_FACE('PartBody',(#2365),#862,.F.) ;
#2378=ADVANCED_FACE('PartBody',(#2377),#862,.F.) ;
#2404=ADVANCED_FACE('PartBody',(#2403),#905,.F.) ;
#2416=ADVANCED_FACE('PartBody',(#2415),#905,.F.) ;
#2442=ADVANCED_FACE('PartBody',(#2441),#948,.F.) ;
#2454=ADVANCED_FACE('PartBody',(#2453),#948,.F.) ;
#2480=ADVANCED_FACE('PartBody',(#2479),#991,.F.) ;
#2492=ADVANCED_FACE('PartBody',(#2491),#991,.F.) ;
#2518=ADVANCED_FACE('PartBody',(#2517),#1034,.F.) ;
#2530=ADVANCED_FACE('PartBody',(#2529),#1034,.F.) ;
#2556=ADVANCED_FACE('PartBody',(#2555),#1077,.F.) ;
#2568=ADVANCED_FACE('PartBody',(#2567),#1077,.F.) ;
#2590=ADVANCED_FACE('PartBody',(#2589),#2573,.F.) ;
#2621=ADVANCED_FACE('PartBody',(#2620),#2595,.F.) ;
#2633=ADVANCED_FACE('PartBody',(#2632),#2595,.F.) ;
#2664=ADVANCED_FACE('PartBody',(#2663),#2638,.F.) ;
#2676=ADVANCED_FACE('PartBody',(#2675),#2638,.F.) ;
#2707=ADVANCED_FACE('PartBody',(#2706),#2681,.F.) ;
#2719=ADVANCED_FACE('PartBody',(#2718),#2681,.F.) ;
#2750=ADVANCED_FACE('PartBody',(#2749),#2724,.F.) ;
#2762=ADVANCED_FACE('PartBody',(#2761),#2724,.F.) ;
#2793=ADVANCED_FACE('PartBody',(#2792),#2767,.F.) ;
#2805=ADVANCED_FACE('PartBody',(#2804),#2767,.F.) ;
#2836=ADVANCED_FACE('PartBody',(#2835),#2810,.F.) ;
#2848=ADVANCED_FACE('PartBody',(#2847),#2810,.F.) ;
#2879=ADVANCED_FACE('PartBody',(#2878),#2853,.F.) ;
#2891=ADVANCED_FACE('PartBody',(#2890),#2853,.F.) ;
#2922=ADVANCED_FACE('PartBody',(#2921),#2896,.F.) ;
#2934=ADVANCED_FACE('PartBody',(#2933),#2896,.F.) ;
#2965=ADVANCED_FACE('PartBody',(#2964),#2939,.F.) ;
#2977=ADVANCED_FACE('PartBody',(#2976),#2939,.F.) ;
#2988=ADVANCED_FACE('PartBody',(#2987),#2982,.F.) ;
#2999=ADVANCED_FACE('PartBody',(#2998),#2993,.F.) ;
#3010=ADVANCED_FACE('PartBody',(#3009),#3004,.F.) ;
#3156=ADVANCED_FACE('PartBody',(#3021,#3039,#3043,#3047,#3065,#3083,#3101,#3119,#3137,#3155),#3015,.F.) ;
#3173=ADVANCED_FACE('PartBody',(#3172),#2595,.F.) ;
#3180=ADVANCED_FACE('PartBody',(#3179),#2595,.F.) ;
#3197=ADVANCED_FACE('PartBody',(#3196),#2638,.F.) ;
#3204=ADVANCED_FACE('PartBody',(#3203),#2638,.F.) ;
#3221=ADVANCED_FACE('PartBody',(#3220),#2681,.F.) ;
#3228=ADVANCED_FACE('PartBody',(#3227),#2681,.F.) ;
#3245=ADVANCED_FACE('PartBody',(#3244),#2724,.F.) ;
#3252=ADVANCED_FACE('PartBody',(#3251),#2724,.F.) ;
#3269=ADVANCED_FACE('PartBody',(#3268),#2767,.F.) ;
#3276=ADVANCED_FACE('PartBody',(#3275),#2767,.F.) ;
#3293=ADVANCED_FACE('PartBody',(#3292),#2810,.F.) ;
#3300=ADVANCED_FACE('PartBody',(#3299),#2810,.F.) ;
#3317=ADVANCED_FACE('PartBody',(#3316),#2853,.F.) ;
#3324=ADVANCED_FACE('PartBody',(#3323),#2853,.F.) ;
#3341=ADVANCED_FACE('PartBody',(#3340),#2896,.F.) ;
#3348=ADVANCED_FACE('PartBody',(#3347),#2896,.F.) ;
#3365=ADVANCED_FACE('PartBody',(#3364),#2939,.F.) ;
#3372=ADVANCED_FACE('PartBody',(#3371),#2939,.F.) ;
#3432=ADVANCED_FACE('PartBody',(#3395,#3399,#3403,#3407,#3411,#3415,#3419,#3423,#3427,#3431),#3377,.T.) ;
#3485=ADVANCED_FACE('PartBody',(#3448,#3452,#3456,#3460,#3464,#3468,#3472,#3476,#3480,#3484),#3437,.T.) ;
#3636=ADVANCED_FACE('PartBody',(#3496,#3514,#3523,#3527,#3545,#3563,#3581,#3599,#3617,#3635),#3490,.F.) ;
#3648=ADVANCED_FACE('PartBody',(#3647),#55,.F.) ;
#3794=ADVANCED_FACE('PartBody',(#3659,#3677,#3681,#3685,#3703,#3721,#3739,#3757,#3775,#3793),#3653,.F.) ;
#3816=ADVANCED_FACE('PartBody',(#3815),#3799,.F.) ;
#3823=ADVANCED_FACE('PartBody',(#3822),#3799,.F.) ;
#3840=ADVANCED_FACE('PartBody',(#3839),#3799,.F.) ;
#3847=ADVANCED_FACE('PartBody',(#3846),#3799,.F.) ;
#3869=ADVANCED_FACE('PartBody',(#3868),#3852,.F.) ;
#3876=ADVANCED_FACE('PartBody',(#3875),#3852,.F.) ;
#3893=ADVANCED_FACE('PartBody',(#3892),#3852,.F.) ;
#3900=ADVANCED_FACE('PartBody',(#3899),#3852,.F.) ;
#3922=ADVANCED_FACE('PartBody',(#3921),#3905,.F.) ;
#3929=ADVANCED_FACE('PartBody',(#3928),#3905,.F.) ;
#3946=ADVANCED_FACE('PartBody',(#3945),#3905,.F.) ;
#3953=ADVANCED_FACE('PartBody',(#3952),#3905,.F.) ;
#3975=ADVANCED_FACE('PartBody',(#3974),#3958,.F.) ;
#3982=ADVANCED_FACE('PartBody',(#3981),#3958,.F.) ;
#3999=ADVANCED_FACE('PartBody',(#3998),#3958,.F.) ;
#4006=ADVANCED_FACE('PartBody',(#4005),#3958,.F.) ;
#4028=ADVANCED_FACE('PartBody',(#4027),#4011,.F.) ;
#4035=ADVANCED_FACE('PartBody',(#4034),#4011,.F.) ;
#4052=ADVANCED_FACE('PartBody',(#4051),#4011,.F.) ;
#4059=ADVANCED_FACE('PartBody',(#4058),#4011,.F.) ;
#4081=ADVANCED_FACE('PartBody',(#4080),#4064,.F.) ;
#4088=ADVANCED_FACE('PartBody',(#4087),#4064,.F.) ;
#4105=ADVANCED_FACE('PartBody',(#4104),#4064,.F.) ;
#4112=ADVANCED_FACE('PartBody',(#4111),#4064,.F.) ;
#4134=ADVANCED_FACE('PartBody',(#4133),#4117,.F.) ;
#4141=ADVANCED_FACE('PartBody',(#4140),#4117,.F.) ;
#4158=ADVANCED_FACE('PartBody',(#4157),#4117,.F.) ;
#4165=ADVANCED_FACE('PartBody',(#4164),#4117,.F.) ;
#4=APPLICATION_PROTOCOL_DEFINITION('international standard','config_control_design',1994,#1) ;
#32=APPROVAL_DATE_TIME(#13,#21) ;
#4166=MANIFOLD_SOLID_BREP('PartBody',#50) ;
#11=CALENDAR_DATE(2025,16,9) ;
#30=CC_DESIGN_APPROVAL(#21,(#16,#6,#14)) ;
#18=CC_DESIGN_DATE_AND_TIME_ASSIGNMENT(#13,#17,(#16)) ;
#29=CC_DESIGN_DATE_AND_TIME_ASSIGNMENT(#13,#28,(#14)) ;
#17=DATE_TIME_ROLE('classification_date') ;
#28=DATE_TIME_ROLE('creation_date') ;
#27=CC_DESIGN_PERSON_AND_ORGANIZATION_ASSIGNMENT(#25,#26,(#16)) ;
#33=CC_DESIGN_PERSON_AND_ORGANIZATION_ASSIGNMENT(#25,#34,(#6)) ;
#35=CC_DESIGN_PERSON_AND_ORGANIZATION_ASSIGNMENT(#25,#36,(#6,#14)) ;
#37=CC_DESIGN_PERSON_AND_ORGANIZATION_ASSIGNMENT(#25,#38,(#5)) ;
#26=PERSON_AND_ORGANIZATION_ROLE('classification_officer') ;
#34=PERSON_AND_ORGANIZATION_ROLE('design_supplier') ;
#36=PERSON_AND_ORGANIZATION_ROLE('creator') ;
#38=PERSON_AND_ORGANIZATION_ROLE('design_owner') ;
#39=CC_DESIGN_SECURITY_CLASSIFICATION(#16,(#6)) ;
#68=CIRCLE('generated circle',#67,1.75) ;
#82=CIRCLE('generated circle',#81,1.75) ;
#133=CIRCLE('generated circle',#132,1.75) ;
#142=CIRCLE('generated circle',#141,1.75) ;
#151=CIRCLE('generated circle',#150,1.75) ;
#160=CIRCLE('generated circle',#159,1.75) ;
#169=CIRCLE('generated circle',#168,25.) ;
#178=CIRCLE('generated circle',#177,25.) ;
#187=CIRCLE('generated circle',#186,1.75) ;
#196=CIRCLE('generated circle',#195,1.75) ;
#205=CIRCLE('generated circle',#204,1.75) ;
#214=CIRCLE('generated circle',#213,1.75) ;
#223=CIRCLE('generated circle',#222,1.75) ;
#232=CIRCLE('generated circle',#231,1.75) ;
#241=CIRCLE('generated circle',#240,1.75) ;
#250=CIRCLE('generated circle',#249,1.75) ;
#259=CIRCLE('generated circle',#258,1.75) ;
#268=CIRCLE('generated circle',#267,1.75) ;
#277=CIRCLE('generated circle',#276,1.75) ;
#286=CIRCLE('generated circle',#285,1.75) ;
#326=CIRCLE('generated circle',#325,1.75) ;
#335=CIRCLE('generated circle',#334,1.75) ;
#344=CIRCLE('generated circle',#343,1.75) ;
#353=CIRCLE('generated circle',#352,1.75) ;
#362=CIRCLE('generated circle',#361,25.) ;
#371=CIRCLE('generated circle',#370,25.) ;
#380=CIRCLE('generated circle',#379,1.75) ;
#389=CIRCLE('generated circle',#388,1.75) ;
#398=CIRCLE('generated circle',#397,1.75) ;
#407=CIRCLE('generated circle',#406,1.75) ;
#416=CIRCLE('generated circle',#415,1.75) ;
#425=CIRCLE('generated circle',#424,1.75) ;
#434=CIRCLE('generated circle',#433,1.75) ;
#443=CIRCLE('generated circle',#442,1.75) ;
#452=CIRCLE('generated circle',#451,1.75) ;
#461=CIRCLE('generated circle',#460,1.75) ;
#470=CIRCLE('generated circle',#469,1.75) ;
#479=CIRCLE('generated circle',#478,1.75) ;
#503=CIRCLE('generated circle',#502,25.) ;
#517=CIRCLE('generated circle',#516,25.) ;
#529=CIRCLE('generated circle',#528,25.) ;
#534=CIRCLE('generated circle',#533,25.) ;
#569=CIRCLE('generated circle',#568,1.75) ;
#578=CIRCLE('generated circle',#577,1.75) ;
#587=CIRCLE('generated circle',#586,1.75) ;
#596=CIRCLE('generated circle',#595,1.75) ;
#605=CIRCLE('generated circle',#604,25.) ;
#614=CIRCLE('generated circle',#613,25.) ;
#623=CIRCLE('generated circle',#622,1.75) ;
#632=CIRCLE('generated circle',#631,1.75) ;
#641=CIRCLE('generated circle',#640,1.75) ;
#650=CIRCLE('generated circle',#649,1.75) ;
#659=CIRCLE('generated circle',#658,1.75) ;
#668=CIRCLE('generated circle',#667,1.75) ;
#677=CIRCLE('generated circle',#676,1.75) ;
#686=CIRCLE('generated circle',#685,1.75) ;
#695=CIRCLE('generated circle',#694,1.75) ;
#704=CIRCLE('generated circle',#703,1.75) ;
#713=CIRCLE('generated circle',#712,1.75) ;
#722=CIRCLE('generated circle',#721,1.75) ;
#744=CIRCLE('generated circle',#743,1.75) ;
#763=CIRCLE('generated circle',#762,1.75) ;
#787=CIRCLE('generated circle',#786,1.75) ;
#806=CIRCLE('generated circle',#805,1.75) ;
#830=CIRCLE('generated circle',#829,25.) ;
#849=CIRCLE('generated circle',#848,25.) ;
#873=CIRCLE('generated circle',#872,1.75) ;
#892=CIRCLE('generated circle',#891,1.75) ;
#916=CIRCLE('generated circle',#915,1.75) ;
#935=CIRCLE('generated circle',#934,1.75) ;
#959=CIRCLE('generated circle',#958,1.75) ;
#978=CIRCLE('generated circle',#977,1.75) ;
#1002=CIRCLE('generated circle',#1001,1.75) ;
#1021=CIRCLE('generated circle',#1020,1.75) ;
#1045=CIRCLE('generated circle',#1044,1.75) ;
#1064=CIRCLE('generated circle',#1063,1.75) ;
#1088=CIRCLE('generated circle',#1087,1.75) ;
#1107=CIRCLE('generated circle',#1106,1.75) ;
#1126=CIRCLE('generated circle',#1125,1.75) ;
#1145=CIRCLE('generated circle',#1144,1.75) ;
#1164=CIRCLE('generated circle',#1163,25.) ;
#1183=CIRCLE('generated circle',#1182,25.) ;
#1441=CIRCLE('generated circle',#1440,1.75) ;
#1450=CIRCLE('generated circle',#1449,1.75) ;
#1459=CIRCLE('generated circle',#1458,1.75) ;
#1468=CIRCLE('generated circle',#1467,1.75) ;
#1477=CIRCLE('generated circle',#1476,25.) ;
#1486=CIRCLE('generated circle',#1485,25.) ;
#1495=CIRCLE('generated circle',#1494,1.75) ;
#1504=CIRCLE('generated circle',#1503,1.75) ;
#1513=CIRCLE('generated circle',#1512,1.75) ;
#1522=CIRCLE('generated circle',#1521,1.75) ;
#1531=CIRCLE('generated circle',#1530,1.75) ;
#1540=CIRCLE('generated circle',#1539,1.75) ;
#1549=CIRCLE('generated circle',#1548,1.75) ;
#1558=CIRCLE('generated circle',#1557,1.75) ;
#1567=CIRCLE('generated circle',#1566,1.75) ;
#1576=CIRCLE('generated circle',#1575,1.75) ;
#1585=CIRCLE('generated circle',#1584,1.75) ;
#1594=CIRCLE('generated circle',#1593,1.75) ;
#1634=CIRCLE('generated circle',#1633,1.75) ;
#1643=CIRCLE('generated circle',#1642,1.75) ;
#1652=CIRCLE('generated circle',#1651,1.75) ;
#1661=CIRCLE('generated circle',#1660,1.75) ;
#1670=CIRCLE('generated circle',#1669,25.) ;
#1679=CIRCLE('generated circle',#1678,25.) ;
#1688=CIRCLE('generated circle',#1687,1.75) ;
#1697=CIRCLE('generated circle',#1696,1.75) ;
#1706=CIRCLE('generated circle',#1705,1.75) ;
#1715=CIRCLE('generated circle',#1714,1.75) ;
#1724=CIRCLE('generated circle',#1723,1.75) ;
#1733=CIRCLE('generated circle',#1732,1.75) ;
#1742=CIRCLE('generated circle',#1741,1.75) ;
#1751=CIRCLE('generated circle',#1750,1.75) ;
#1760=CIRCLE('generated circle',#1759,1.75) ;
#1769=CIRCLE('generated circle',#1768,1.75) ;
#1778=CIRCLE('generated circle',#1777,1.75) ;
#1787=CIRCLE('generated circle',#1786,1.75) ;
#1994=CIRCLE('generated circle',#1993,1.75) ;
#2003=CIRCLE('generated circle',#2002,1.75) ;
#2012=CIRCLE('generated circle',#2011,1.75) ;
#2021=CIRCLE('generated circle',#2020,1.75) ;
#2030=CIRCLE('generated circle',#2029,25.) ;
#2039=CIRCLE('generated circle',#2038,25.) ;
#2048=CIRCLE('generated circle',#2047,1.75) ;
#2057=CIRCLE('generated circle',#2056,1.75) ;
#2066=CIRCLE('generated circle',#2065,1.75) ;
#2075=CIRCLE('generated circle',#2074,1.75) ;
#2084=CIRCLE('generated circle',#2083,1.75) ;
#2093=CIRCLE('generated circle',#2092,1.75) ;
#2102=CIRCLE('generated circle',#2101,1.75) ;
#2111=CIRCLE('generated circle',#2110,1.75) ;
#2120=CIRCLE('generated circle',#2119,1.75) ;
#2129=CIRCLE('generated circle',#2128,1.75) ;
#2138=CIRCLE('generated circle',#2137,1.75) ;
#2147=CIRCLE('generated circle',#2146,1.75) ;
#2244=CIRCLE('generated circle',#2243,1.75) ;
#2256=CIRCLE('generated circle',#2255,1.75) ;
#2282=CIRCLE('generated circle',#2281,1.75) ;
#2294=CIRCLE('generated circle',#2293,1.75) ;
#2306=CIRCLE('generated circle',#2305,25.) ;
#2332=CIRCLE('generated circle',#2331,25.) ;
#2358=CIRCLE('generated circle',#2357,1.75) ;
#2370=CIRCLE('generated circle',#2369,1.75) ;
#2396=CIRCLE('generated circle',#2395,1.75) ;
#2408=CIRCLE('generated circle',#2407,1.75) ;
#2434=CIRCLE('generated circle',#2433,1.75) ;
#2446=CIRCLE('generated circle',#2445,1.75) ;
#2472=CIRCLE('generated circle',#2471,1.75) ;
#2484=CIRCLE('generated circle',#2483,1.75) ;
#2510=CIRCLE('generated circle',#2509,1.75) ;
#2522=CIRCLE('generated circle',#2521,1.75) ;
#2548=CIRCLE('generated circle',#2547,1.75) ;
#2560=CIRCLE('generated circle',#2559,1.75) ;
#2613=CIRCLE('generated circle',#2612,1.75) ;
#2625=CIRCLE('generated circle',#2624,1.75) ;
#2656=CIRCLE('generated circle',#2655,1.75) ;
#2668=CIRCLE('generated circle',#2667,1.75) ;
#2699=CIRCLE('generated circle',#2698,1.75) ;
#2711=CIRCLE('generated circle',#2710,1.75) ;
#2742=CIRCLE('generated circle',#2741,1.75) ;
#2754=CIRCLE('generated circle',#2753,1.75) ;
#2785=CIRCLE('generated circle',#2784,1.75) ;
#2797=CIRCLE('generated circle',#2796,1.75) ;
#2828=CIRCLE('generated circle',#2827,1.75) ;
#2840=CIRCLE('generated circle',#2839,1.75) ;
#2871=CIRCLE('generated circle',#2870,25.) ;
#2883=CIRCLE('generated circle',#2882,25.) ;
#2914=CIRCLE('generated circle',#2913,1.75) ;
#2926=CIRCLE('generated circle',#2925,1.75) ;
#2957=CIRCLE('generated circle',#2956,1.75) ;
#2969=CIRCLE('generated circle',#2968,1.75) ;
#3025=CIRCLE('generated circle',#3024,1.75) ;
#3034=CIRCLE('generated circle',#3033,1.75) ;
#3051=CIRCLE('generated circle',#3050,1.75) ;
#3060=CIRCLE('generated circle',#3059,1.75) ;
#3069=CIRCLE('generated circle',#3068,1.75) ;
#3078=CIRCLE('generated circle',#3077,1.75) ;
#3087=CIRCLE('generated circle',#3086,1.75) ;
#3096=CIRCLE('generated circle',#3095,1.75) ;
#3105=CIRCLE('generated circle',#3104,1.75) ;
#3114=CIRCLE('generated circle',#3113,1.75) ;
#3123=CIRCLE('generated circle',#3122,1.75) ;
#3132=CIRCLE('generated circle',#3131,1.75) ;
#3141=CIRCLE('generated circle',#3140,1.75) ;
#3150=CIRCLE('generated circle',#3149,1.75) ;
#3500=CIRCLE('generated circle',#3499,1.75) ;
#3509=CIRCLE('generated circle',#3508,1.75) ;
#3518=CIRCLE('generated circle',#3517,1.75) ;
#3531=CIRCLE('generated circle',#3530,1.75) ;
#3540=CIRCLE('generated circle',#3539,1.75) ;
#3549=CIRCLE('generated circle',#3548,1.75) ;
#3558=CIRCLE('generated circle',#3557,1.75) ;
#3567=CIRCLE('generated circle',#3566,1.75) ;
#3576=CIRCLE('generated circle',#3575,1.75) ;
#3585=CIRCLE('generated circle',#3584,1.75) ;
#3594=CIRCLE('generated circle',#3593,1.75) ;
#3603=CIRCLE('generated circle',#3602,1.75) ;
#3612=CIRCLE('generated circle',#3611,1.75) ;
#3621=CIRCLE('generated circle',#3620,1.75) ;
#3630=CIRCLE('generated circle',#3629,1.75) ;
#3640=CIRCLE('generated circle',#3639,1.75) ;
#3663=CIRCLE('generated circle',#3662,1.75) ;
#3672=CIRCLE('generated circle',#3671,1.75) ;
#3689=CIRCLE('generated circle',#3688,1.75) ;
#3698=CIRCLE('generated circle',#3697,1.75) ;
#3707=CIRCLE('generated circle',#3706,1.75) ;
#3716=CIRCLE('generated circle',#3715,1.75) ;
#3725=CIRCLE('generated circle',#3724,1.75) ;
#3734=CIRCLE('generated circle',#3733,1.75) ;
#3743=CIRCLE('generated circle',#3742,1.75) ;
#3752=CIRCLE('generated circle',#3751,1.75) ;
#3761=CIRCLE('generated circle',#3760,1.75) ;
#3770=CIRCLE('generated circle',#3769,1.75) ;
#3779=CIRCLE('generated circle',#3778,1.75) ;
#3788=CIRCLE('generated circle',#3787,1.75) ;
#4168=SHAPE_REPRESENTATION_RELATIONSHIP(' ',' ',#48,#4167) ;
#55=CYLINDRICAL_SURFACE('generated cylinder',#54,1.75) ;
#490=CYLINDRICAL_SURFACE('generated cylinder',#489,25.) ;
#733=CYLINDRICAL_SURFACE('generated cylinder',#732,1.75) ;
#776=CYLINDRICAL_SURFACE('generated cylinder',#775,1.75) ;
#819=CYLINDRICAL_SURFACE('generated cylinder',#818,25.) ;
#862=CYLINDRICAL_SURFACE('generated cylinder',#861,1.75) ;
#905=CYLINDRICAL_SURFACE('generated cylinder',#904,1.75) ;
#948=CYLINDRICAL_SURFACE('generated cylinder',#947,1.75) ;
#991=CYLINDRICAL_SURFACE('generated cylinder',#990,1.75) ;
#1034=CYLINDRICAL_SURFACE('generated cylinder',#1033,1.75) ;
#1077=CYLINDRICAL_SURFACE('generated cylinder',#1076,1.75) ;
#2595=CYLINDRICAL_SURFACE('generated cylinder',#2594,1.75) ;
#2638=CYLINDRICAL_SURFACE('generated cylinder',#2637,1.75) ;
#2681=CYLINDRICAL_SURFACE('generated cylinder',#2680,1.75) ;
#2724=CYLINDRICAL_SURFACE('generated cylinder',#2723,1.75) ;
#2767=CYLINDRICAL_SURFACE('generated cylinder',#2766,1.75) ;
#2810=CYLINDRICAL_SURFACE('generated cylinder',#2809,1.75) ;
#2853=CYLINDRICAL_SURFACE('generated cylinder',#2852,25.) ;
#2896=CYLINDRICAL_SURFACE('generated cylinder',#2895,1.75) ;
#2939=CYLINDRICAL_SURFACE('generated cylinder',#2938,1.75) ;
#3799=CYLINDRICAL_SURFACE('generated cylinder',#3798,1.75) ;
#3852=CYLINDRICAL_SURFACE('generated cylinder',#3851,1.75) ;
#3905=CYLINDRICAL_SURFACE('generated cylinder',#3904,1.75) ;
#3958=CYLINDRICAL_SURFACE('generated cylinder',#3957,1.75) ;
#4011=CYLINDRICAL_SURFACE('generated cylinder',#4010,1.75) ;
#4064=CYLINDRICAL_SURFACE('generated cylinder',#4063,1.75) ;
#4117=CYLINDRICAL_SURFACE('generated cylinder',#4116,1.75) ;
#3=DESIGN_CONTEXT(' ',#1,'design') ;
#64=EDGE_CURVE('',#61,#63,#59,.F.) ;
#71=EDGE_CURVE('',#70,#63,#68,.T.) ;
#78=EDGE_CURVE('',#77,#70,#75,.F.) ;
#83=EDGE_CURVE('',#61,#77,#82,.F.) ;
#104=EDGE_CURVE('',#101,#103,#99,.T.) ;
#111=EDGE_CURVE('',#101,#110,#108,.F.) ;
#118=EDGE_CURVE('',#110,#117,#115,.T.) ;
#123=EDGE_CURVE('',#103,#117,#122,.F.) ;
#138=EDGE_CURVE('',#135,#137,#133,.T.) ;
#143=EDGE_CURVE('',#137,#135,#142,.T.) ;
#156=EDGE_CURVE('',#153,#155,#151,.T.) ;
#161=EDGE_CURVE('',#155,#153,#160,.T.) ;
#174=EDGE_CURVE('',#171,#173,#169,.T.) ;
#179=EDGE_CURVE('',#173,#171,#178,.T.) ;
#192=EDGE_CURVE('',#189,#191,#187,.T.) ;
#197=EDGE_CURVE('',#191,#189,#196,.T.) ;
#210=EDGE_CURVE('',#207,#209,#205,.T.) ;
#215=EDGE_CURVE('',#209,#207,#214,.T.) ;
#228=EDGE_CURVE('',#225,#227,#223,.T.) ;
#233=EDGE_CURVE('',#227,#225,#232,.T.) ;
#246=EDGE_CURVE('',#243,#245,#241,.T.) ;
#251=EDGE_CURVE('',#245,#243,#250,.T.) ;
#264=EDGE_CURVE('',#261,#263,#259,.T.) ;
#269=EDGE_CURVE('',#263,#261,#268,.T.) ;
#282=EDGE_CURVE('',#279,#281,#277,.T.) ;
#287=EDGE_CURVE('',#281,#279,#286,.T.) ;
#306=EDGE_CURVE('',#303,#305,#301,.F.) ;
#311=EDGE_CURVE('',#110,#303,#310,.F.) ;
#316=EDGE_CURVE('',#305,#101,#315,.F.) ;
#331=EDGE_CURVE('',#328,#330,#326,.T.) ;
#336=EDGE_CURVE('',#330,#328,#335,.T.) ;
#349=EDGE_CURVE('',#346,#348,#344,.T.) ;
#354=EDGE_CURVE('',#348,#346,#353,.T.) ;
#367=EDGE_CURVE('',#364,#366,#362,.T.) ;
#372=EDGE_CURVE('',#366,#364,#371,.T.) ;
#385=EDGE_CURVE('',#382,#384,#380,.T.) ;
#390=EDGE_CURVE('',#384,#382,#389,.T.) ;
#403=EDGE_CURVE('',#400,#402,#398,.T.) ;
#408=EDGE_CURVE('',#402,#400,#407,.T.) ;
#421=EDGE_CURVE('',#418,#420,#416,.T.) ;
#426=EDGE_CURVE('',#420,#418,#425,.T.) ;
#439=EDGE_CURVE('',#436,#438,#434,.T.) ;
#444=EDGE_CURVE('',#438,#436,#443,.T.) ;
#457=EDGE_CURVE('',#454,#456,#452,.T.) ;
#462=EDGE_CURVE('',#456,#454,#461,.T.) ;
#475=EDGE_CURVE('',#472,#474,#470,.T.) ;
#480=EDGE_CURVE('',#474,#472,#479,.T.) ;
#499=EDGE_CURVE('',#496,#498,#494,.F.) ;
#506=EDGE_CURVE('',#505,#498,#503,.T.) ;
#513=EDGE_CURVE('',#512,#505,#510,.F.) ;
#518=EDGE_CURVE('',#496,#512,#517,.F.) ;
#530=EDGE_CURVE('',#498,#505,#529,.T.) ;
#535=EDGE_CURVE('',#512,#496,#534,.F.) ;
#554=EDGE_CURVE('',#117,#553,#551,.F.) ;
#559=EDGE_CURVE('',#303,#553,#558,.T.) ;
#574=EDGE_CURVE('',#571,#573,#569,.T.) ;
#579=EDGE_CURVE('',#573,#571,#578,.T.) ;
#592=EDGE_CURVE('',#589,#591,#587,.T.) ;
#597=EDGE_CURVE('',#591,#589,#596,.T.) ;
#610=EDGE_CURVE('',#607,#609,#605,.T.) ;
#615=EDGE_CURVE('',#609,#607,#614,.T.) ;
#628=EDGE_CURVE('',#625,#627,#623,.T.) ;
#633=EDGE_CURVE('',#627,#625,#632,.T.) ;
#646=EDGE_CURVE('',#643,#645,#641,.T.) ;
#651=EDGE_CURVE('',#645,#643,#650,.T.) ;
#664=EDGE_CURVE('',#661,#663,#659,.T.) ;
#669=EDGE_CURVE('',#663,#661,#668,.T.) ;
#682=EDGE_CURVE('',#679,#681,#677,.T.) ;
#687=EDGE_CURVE('',#681,#679,#686,.T.) ;
#700=EDGE_CURVE('',#697,#699,#695,.T.) ;
#705=EDGE_CURVE('',#699,#697,#704,.T.) ;
#718=EDGE_CURVE('',#715,#717,#713,.T.) ;
#723=EDGE_CURVE('',#717,#715,#722,.T.) ;
#740=EDGE_CURVE('',#739,#330,#737,.F.) ;
#747=EDGE_CURVE('',#739,#746,#744,.T.) ;
#752=EDGE_CURVE('',#746,#328,#751,.F.) ;
#764=EDGE_CURVE('',#746,#739,#763,.T.) ;
#783=EDGE_CURVE('',#782,#348,#780,.F.) ;
#790=EDGE_CURVE('',#782,#789,#787,.T.) ;
#795=EDGE_CURVE('',#789,#346,#794,.F.) ;
#807=EDGE_CURVE('',#789,#782,#806,.T.) ;
#826=EDGE_CURVE('',#825,#366,#823,.F.) ;
#833=EDGE_CURVE('',#825,#832,#830,.T.) ;
#838=EDGE_CURVE('',#832,#364,#837,.F.) ;
#850=EDGE_CURVE('',#832,#825,#849,.T.) ;
#869=EDGE_CURVE('',#868,#384,#866,.F.) ;
#876=EDGE_CURVE('',#868,#875,#873,.T.) ;
#881=EDGE_CURVE('',#875,#382,#880,.F.) ;
#893=EDGE_CURVE('',#875,#868,#892,.T.) ;
#912=EDGE_CURVE('',#911,#402,#909,.F.) ;
#919=EDGE_CURVE('',#911,#918,#916,.T.) ;
#924=EDGE_CURVE('',#918,#400,#923,.F.) ;
#936=EDGE_CURVE('',#918,#911,#935,.T.) ;
#955=EDGE_CURVE('',#954,#420,#952,.F.) ;
#962=EDGE_CURVE('',#954,#961,#959,.T.) ;
#967=EDGE_CURVE('',#961,#418,#966,.F.) ;
#979=EDGE_CURVE('',#961,#954,#978,.T.) ;
#998=EDGE_CURVE('',#997,#438,#995,.F.) ;
#1005=EDGE_CURVE('',#997,#1004,#1002,.T.) ;
#1010=EDGE_CURVE('',#1004,#436,#1009,.F.) ;
#1022=EDGE_CURVE('',#1004,#997,#1021,.T.) ;
#1041=EDGE_CURVE('',#1040,#456,#1038,.F.) ;
#1048=EDGE_CURVE('',#1040,#1047,#1045,.T.) ;
#1053=EDGE_CURVE('',#1047,#454,#1052,.F.) ;
#1065=EDGE_CURVE('',#1047,#1040,#1064,.T.) ;
#1084=EDGE_CURVE('',#1083,#474,#1081,.F.) ;
#1091=EDGE_CURVE('',#1083,#1090,#1088,.T.) ;
#1096=EDGE_CURVE('',#1090,#472,#1095,.F.) ;
#1108=EDGE_CURVE('',#1090,#1083,#1107,.T.) ;
#1122=EDGE_CURVE('',#1121,#591,#1119,.F.) ;
#1129=EDGE_CURVE('',#1128,#1121,#1126,.F.) ;
#1134=EDGE_CURVE('',#1128,#589,#1133,.F.) ;
#1146=EDGE_CURVE('',#1121,#1128,#1145,.F.) ;
#1160=EDGE_CURVE('',#1159,#609,#1157,.F.) ;
#1167=EDGE_CURVE('',#1166,#1159,#1164,.F.) ;
#1172=EDGE_CURVE('',#1166,#607,#1171,.F.) ;
#1184=EDGE_CURVE('',#1159,#1166,#1183,.F.) ;
#1205=EDGE_CURVE('',#1202,#1204,#1200,.F.) ;
#1212=EDGE_CURVE('',#1204,#1211,#1209,.T.) ;
#1219=EDGE_CURVE('',#1211,#1218,#1216,.F.) ;
#1224=EDGE_CURVE('',#1218,#1202,#1223,.T.) ;
#1279=EDGE_CURVE('',#1278,#1202,#1276,.T.) ;
#1286=EDGE_CURVE('',#1278,#1285,#1283,.F.) ;
#1291=EDGE_CURVE('',#1285,#1204,#1290,.T.) ;
#1312=EDGE_CURVE('',#1309,#1311,#1307,.T.) ;
#1317=EDGE_CURVE('',#1211,#1311,#1316,.F.) ;
#1322=EDGE_CURVE('',#1309,#1204,#1321,.T.) ;
#1341=EDGE_CURVE('',#1218,#1340,#1338,.F.) ;
#1348=EDGE_CURVE('',#1211,#1347,#1345,.F.) ;
#1353=EDGE_CURVE('',#1347,#1340,#1352,.F.) ;
#1372=EDGE_CURVE('',#1218,#1371,#1369,.F.) ;
#1379=EDGE_CURVE('',#1371,#1378,#1376,.T.) ;
#1384=EDGE_CURVE('',#1378,#1202,#1383,.T.) ;
#1401=EDGE_CURVE('',#1285,#1309,#1400,.T.) ;
#1419=EDGE_CURVE('',#1418,#1311,#1416,.T.) ;
#1426=EDGE_CURVE('',#1425,#1309,#1423,.T.) ;
#1431=EDGE_CURVE('',#1425,#1418,#1430,.T.) ;
#1446=EDGE_CURVE('',#1443,#1445,#1441,.T.) ;
#1451=EDGE_CURVE('',#1445,#1443,#1450,.T.) ;
#1464=EDGE_CURVE('',#1461,#1463,#1459,.T.) ;
#1469=EDGE_CURVE('',#1463,#1461,#1468,.T.) ;
#1482=EDGE_CURVE('',#1479,#1481,#1477,.T.) ;
#1487=EDGE_CURVE('',#1481,#1479,#1486,.T.) ;
#1500=EDGE_CURVE('',#1497,#1499,#1495,.T.) ;
#1505=EDGE_CURVE('',#1499,#1497,#1504,.T.) ;
#1518=EDGE_CURVE('',#1515,#1517,#1513,.T.) ;
#1523=EDGE_CURVE('',#1517,#1515,#1522,.T.) ;
#1536=EDGE_CURVE('',#1533,#1535,#1531,.T.) ;
#1541=EDGE_CURVE('',#1535,#1533,#1540,.T.) ;
#1554=EDGE_CURVE('',#1551,#1553,#1549,.T.) ;
#1559=EDGE_CURVE('',#1553,#1551,#1558,.T.) ;
#1572=EDGE_CURVE('',#1569,#1571,#1567,.T.) ;
#1577=EDGE_CURVE('',#1571,#1569,#1576,.T.) ;
#1590=EDGE_CURVE('',#1587,#1589,#1585,.T.) ;
#1595=EDGE_CURVE('',#1589,#1587,#1594,.T.) ;
#1612=EDGE_CURVE('',#1611,#1378,#1609,.T.) ;
#1619=EDGE_CURVE('',#1618,#1371,#1616,.T.) ;
#1624=EDGE_CURVE('',#1618,#1611,#1623,.T.) ;
#1639=EDGE_CURVE('',#1636,#1638,#1634,.T.) ;
#1644=EDGE_CURVE('',#1638,#1636,#1643,.T.) ;
#1657=EDGE_CURVE('',#1654,#1656,#1652,.T.) ;
#1662=EDGE_CURVE('',#1656,#1654,#1661,.T.) ;
#1675=EDGE_CURVE('',#1672,#1674,#1670,.T.) ;
#1680=EDGE_CURVE('',#1674,#1672,#1679,.T.) ;
#1693=EDGE_CURVE('',#1690,#1692,#1688,.T.) ;
#1698=EDGE_CURVE('',#1692,#1690,#1697,.T.) ;
#1711=EDGE_CURVE('',#1708,#1710,#1706,.T.) ;
#1716=EDGE_CURVE('',#1710,#1708,#1715,.T.) ;
#1729=EDGE_CURVE('',#1726,#1728,#1724,.T.) ;
#1734=EDGE_CURVE('',#1728,#1726,#1733,.T.) ;
#1747=EDGE_CURVE('',#1744,#1746,#1742,.T.) ;
#1752=EDGE_CURVE('',#1746,#1744,#1751,.T.) ;
#1765=EDGE_CURVE('',#1762,#1764,#1760,.T.) ;
#1770=EDGE_CURVE('',#1764,#1762,#1769,.T.) ;
#1783=EDGE_CURVE('',#1780,#1782,#1778,.T.) ;
#1788=EDGE_CURVE('',#1782,#1780,#1787,.T.) ;
#1805=EDGE_CURVE('',#1804,#1425,#1802,.T.) ;
#1810=EDGE_CURVE('',#1804,#1285,#1809,.T.) ;
#1829=EDGE_CURVE('',#1828,#1347,#1826,.T.) ;
#1834=EDGE_CURVE('',#1311,#1347,#1833,.F.) ;
#1839=EDGE_CURVE('',#1418,#1828,#1838,.F.) ;
#1860=EDGE_CURVE('',#1857,#1859,#1855,.T.) ;
#1865=EDGE_CURVE('',#1418,#1859,#1864,.F.) ;
#1870=EDGE_CURVE('',#1857,#1425,#1869,.T.) ;
#1889=EDGE_CURVE('',#1888,#1278,#1886,.T.) ;
#1894=EDGE_CURVE('',#1378,#1278,#1893,.F.) ;
#1899=EDGE_CURVE('',#1611,#1888,#1898,.F.) ;
#1918=EDGE_CURVE('',#1618,#1917,#1915,.F.) ;
#1925=EDGE_CURVE('',#1917,#1924,#1922,.T.) ;
#1930=EDGE_CURVE('',#1611,#1924,#1929,.F.) ;
#1947=EDGE_CURVE('',#1804,#1857,#1946,.T.) ;
#1963=EDGE_CURVE('',#1859,#1828,#1962,.T.) ;
#1979=EDGE_CURVE('',#1859,#1917,#1978,.F.) ;
#1984=EDGE_CURVE('',#1924,#1857,#1983,.F.) ;
#1999=EDGE_CURVE('',#1996,#1998,#1994,.T.) ;
#2004=EDGE_CURVE('',#1998,#1996,#2003,.T.) ;
#2017=EDGE_CURVE('',#2014,#2016,#2012,.T.) ;
#2022=EDGE_CURVE('',#2016,#2014,#2021,.T.) ;
#2035=EDGE_CURVE('',#2032,#2034,#2030,.T.) ;
#2040=EDGE_CURVE('',#2034,#2032,#2039,.T.) ;
#2053=EDGE_CURVE('',#2050,#2052,#2048,.T.) ;
#2058=EDGE_CURVE('',#2052,#2050,#2057,.T.) ;
#2071=EDGE_CURVE('',#2068,#2070,#2066,.T.) ;
#2076=EDGE_CURVE('',#2070,#2068,#2075,.T.) ;
#2089=EDGE_CURVE('',#2086,#2088,#2084,.T.) ;
#2094=EDGE_CURVE('',#2088,#2086,#2093,.T.) ;
#2107=EDGE_CURVE('',#2104,#2106,#2102,.T.) ;
#2112=EDGE_CURVE('',#2106,#2104,#2111,.T.) ;
#2125=EDGE_CURVE('',#2122,#2124,#2120,.T.) ;
#2130=EDGE_CURVE('',#2124,#2122,#2129,.T.) ;
#2143=EDGE_CURVE('',#2140,#2142,#2138,.T.) ;
#2148=EDGE_CURVE('',#2142,#2140,#2147,.T.) ;
#2163=EDGE_CURVE('',#1924,#1888,#2162,.T.) ;
#2181=EDGE_CURVE('',#1618,#2180,#2178,.T.) ;
#2186=EDGE_CURVE('',#1917,#2180,#2185,.T.) ;
#2202=EDGE_CURVE('',#1888,#1804,#2201,.F.) ;
#2219=EDGE_CURVE('',#1828,#2180,#2218,.F.) ;
#2233=EDGE_CURVE('',#2232,#1996,#2230,.F.) ;
#2240=EDGE_CURVE('',#2239,#1998,#2237,.F.) ;
#2245=EDGE_CURVE('',#2239,#2232,#2244,.T.) ;
#2257=EDGE_CURVE('',#2232,#2239,#2256,.T.) ;
#2271=EDGE_CURVE('',#2270,#2014,#2268,.F.) ;
#2278=EDGE_CURVE('',#2277,#2016,#2275,.F.) ;
#2283=EDGE_CURVE('',#2277,#2270,#2282,.T.) ;
#2295=EDGE_CURVE('',#2270,#2277,#2294,.T.) ;
#2311=EDGE_CURVE('',#2308,#2310,#2306,.T.) ;
#2316=EDGE_CURVE('',#2032,#2310,#2315,.T.) ;
#2321=EDGE_CURVE('',#2034,#2308,#2320,.T.) ;
#2333=EDGE_CURVE('',#2310,#2308,#2332,.T.) ;
#2347=EDGE_CURVE('',#2346,#2050,#2344,.F.) ;
#2354=EDGE_CURVE('',#2353,#2052,#2351,.F.) ;
#2359=EDGE_CURVE('',#2353,#2346,#2358,.T.) ;
#2371=EDGE_CURVE('',#2346,#2353,#2370,.T.) ;
#2385=EDGE_CURVE('',#2384,#2068,#2382,.F.) ;
#2392=EDGE_CURVE('',#2391,#2070,#2389,.F.) ;
#2397=EDGE_CURVE('',#2391,#2384,#2396,.T.) ;
#2409=EDGE_CURVE('',#2384,#2391,#2408,.T.) ;
#2423=EDGE_CURVE('',#2422,#2086,#2420,.F.) ;
#2430=EDGE_CURVE('',#2429,#2088,#2427,.F.) ;
#2435=EDGE_CURVE('',#2429,#2422,#2434,.T.) ;
#2447=EDGE_CURVE('',#2422,#2429,#2446,.T.) ;
#2461=EDGE_CURVE('',#2460,#2104,#2458,.F.) ;
#2468=EDGE_CURVE('',#2467,#2106,#2465,.F.) ;
#2473=EDGE_CURVE('',#2467,#2460,#2472,.T.) ;
#2485=EDGE_CURVE('',#2460,#2467,#2484,.T.) ;
#2499=EDGE_CURVE('',#2498,#2122,#2496,.F.) ;
#2506=EDGE_CURVE('',#2505,#2124,#2503,.F.) ;
#2511=EDGE_CURVE('',#2505,#2498,#2510,.T.) ;
#2523=EDGE_CURVE('',#2498,#2505,#2522,.T.) ;
#2537=EDGE_CURVE('',#2536,#2140,#2534,.F.) ;
#2544=EDGE_CURVE('',#2543,#2142,#2541,.F.) ;
#2549=EDGE_CURVE('',#2543,#2536,#2548,.T.) ;
#2561=EDGE_CURVE('',#2536,#2543,#2560,.T.) ;
#2578=EDGE_CURVE('',#1371,#1340,#2577,.F.) ;
#2583=EDGE_CURVE('',#2180,#1340,#2582,.T.) ;
#2602=EDGE_CURVE('',#2601,#1589,#2599,.F.) ;
#2609=EDGE_CURVE('',#2608,#1587,#2606,.F.) ;
#2614=EDGE_CURVE('',#2608,#2601,#2613,.T.) ;
#2626=EDGE_CURVE('',#2601,#2608,#2625,.T.) ;
#2645=EDGE_CURVE('',#2644,#1571,#2642,.F.) ;
#2652=EDGE_CURVE('',#2651,#1569,#2649,.F.) ;
#2657=EDGE_CURVE('',#2651,#2644,#2656,.T.) ;
#2669=EDGE_CURVE('',#2644,#2651,#2668,.T.) ;
#2688=EDGE_CURVE('',#2687,#1553,#2685,.F.) ;
#2695=EDGE_CURVE('',#2694,#1551,#2692,.F.) ;
#2700=EDGE_CURVE('',#2694,#2687,#2699,.T.) ;
#2712=EDGE_CURVE('',#2687,#2694,#2711,.T.) ;
#2731=EDGE_CURVE('',#2730,#1535,#2728,.F.) ;
#2738=EDGE_CURVE('',#2737,#1533,#2735,.F.) ;
#2743=EDGE_CURVE('',#2737,#2730,#2742,.T.) ;
#2755=EDGE_CURVE('',#2730,#2737,#2754,.T.) ;
#2774=EDGE_CURVE('',#2773,#1517,#2771,.F.) ;
#2781=EDGE_CURVE('',#2780,#1515,#2778,.F.) ;
#2786=EDGE_CURVE('',#2780,#2773,#2785,.T.) ;
#2798=EDGE_CURVE('',#2773,#2780,#2797,.T.) ;
#2817=EDGE_CURVE('',#2816,#1499,#2814,.F.) ;
#2824=EDGE_CURVE('',#2823,#1497,#2821,.F.) ;
#2829=EDGE_CURVE('',#2823,#2816,#2828,.T.) ;
#2841=EDGE_CURVE('',#2816,#2823,#2840,.T.) ;
#2860=EDGE_CURVE('',#1481,#2859,#2857,.F.) ;
#2867=EDGE_CURVE('',#1479,#2866,#2864,.F.) ;
#2872=EDGE_CURVE('',#2866,#2859,#2871,.F.) ;
#2884=EDGE_CURVE('',#2859,#2866,#2883,.F.) ;
#2903=EDGE_CURVE('',#2902,#1463,#2900,.F.) ;
#2910=EDGE_CURVE('',#2909,#1461,#2907,.F.) ;
#2915=EDGE_CURVE('',#2909,#2902,#2914,.T.) ;
#2927=EDGE_CURVE('',#2902,#2909,#2926,.T.) ;
#2946=EDGE_CURVE('',#2945,#1445,#2943,.F.) ;
#2953=EDGE_CURVE('',#2952,#1443,#2950,.F.) ;
#2958=EDGE_CURVE('',#2952,#2945,#2957,.T.) ;
#2970=EDGE_CURVE('',#2945,#2952,#2969,.T.) ;
#3030=EDGE_CURVE('',#3027,#3029,#3025,.T.) ;
#3035=EDGE_CURVE('',#3029,#3027,#3034,.T.) ;
#3056=EDGE_CURVE('',#3053,#3055,#3051,.T.) ;
#3061=EDGE_CURVE('',#3055,#3053,#3060,.T.) ;
#3074=EDGE_CURVE('',#3071,#3073,#3069,.T.) ;
#3079=EDGE_CURVE('',#3073,#3071,#3078,.T.) ;
#3092=EDGE_CURVE('',#3089,#3091,#3087,.T.) ;
#3097=EDGE_CURVE('',#3091,#3089,#3096,.T.) ;
#3110=EDGE_CURVE('',#3107,#3109,#3105,.T.) ;
#3115=EDGE_CURVE('',#3109,#3107,#3114,.T.) ;
#3128=EDGE_CURVE('',#3125,#3127,#3123,.T.) ;
#3133=EDGE_CURVE('',#3127,#3125,#3132,.T.) ;
#3146=EDGE_CURVE('',#3143,#3145,#3141,.T.) ;
#3151=EDGE_CURVE('',#3145,#3143,#3150,.T.) ;
#3161=EDGE_CURVE('',#1782,#279,#3160,.F.) ;
#3166=EDGE_CURVE('',#1780,#281,#3165,.F.) ;
#3185=EDGE_CURVE('',#1764,#261,#3184,.F.) ;
#3190=EDGE_CURVE('',#1762,#263,#3189,.F.) ;
#3209=EDGE_CURVE('',#1746,#243,#3208,.F.) ;
#3214=EDGE_CURVE('',#1744,#245,#3213,.F.) ;
#3233=EDGE_CURVE('',#1728,#225,#3232,.F.) ;
#3238=EDGE_CURVE('',#1726,#227,#3237,.F.) ;
#3257=EDGE_CURVE('',#1710,#207,#3256,.F.) ;
#3262=EDGE_CURVE('',#1708,#209,#3261,.F.) ;
#3281=EDGE_CURVE('',#1692,#189,#3280,.F.) ;
#3286=EDGE_CURVE('',#1690,#191,#3285,.F.) ;
#3305=EDGE_CURVE('',#171,#1674,#3304,.F.) ;
#3310=EDGE_CURVE('',#173,#1672,#3309,.F.) ;
#3329=EDGE_CURVE('',#1656,#153,#3328,.F.) ;
#3334=EDGE_CURVE('',#1654,#155,#3333,.F.) ;
#3353=EDGE_CURVE('',#1638,#135,#3352,.F.) ;
#3358=EDGE_CURVE('',#1636,#137,#3357,.F.) ;
#3384=EDGE_CURVE('',#3383,#103,#3381,.F.) ;
#3389=EDGE_CURVE('',#553,#3383,#3388,.F.) ;
#3442=EDGE_CURVE('',#305,#3383,#3441,.T.) ;
#3505=EDGE_CURVE('',#3502,#3504,#3500,.T.) ;
#3510=EDGE_CURVE('',#3504,#3502,#3509,.T.) ;
#3519=EDGE_CURVE('',#63,#70,#3518,.T.) ;
#3536=EDGE_CURVE('',#3533,#3535,#3531,.T.) ;
#3541=EDGE_CURVE('',#3535,#3533,#3540,.T.) ;
#3554=EDGE_CURVE('',#3551,#3553,#3549,.T.) ;
#3559=EDGE_CURVE('',#3553,#3551,#3558,.T.) ;
#3572=EDGE_CURVE('',#3569,#3571,#3567,.T.) ;
#3577=EDGE_CURVE('',#3571,#3569,#3576,.T.) ;
#3590=EDGE_CURVE('',#3587,#3589,#3585,.T.) ;
#3595=EDGE_CURVE('',#3589,#3587,#3594,.T.) ;
#3608=EDGE_CURVE('',#3605,#3607,#3603,.T.) ;
#3613=EDGE_CURVE('',#3607,#3605,#3612,.T.) ;
#3626=EDGE_CURVE('',#3623,#3625,#3621,.T.) ;
#3631=EDGE_CURVE('',#3625,#3623,#3630,.T.) ;
#3641=EDGE_CURVE('',#77,#61,#3640,.F.) ;
#3668=EDGE_CURVE('',#3665,#3667,#3663,.T.) ;
#3673=EDGE_CURVE('',#3667,#3665,#3672,.T.) ;
#3694=EDGE_CURVE('',#3691,#3693,#3689,.T.) ;
#3699=EDGE_CURVE('',#3693,#3691,#3698,.T.) ;
#3712=EDGE_CURVE('',#3709,#3711,#3707,.T.) ;
#3717=EDGE_CURVE('',#3711,#3709,#3716,.T.) ;
#3730=EDGE_CURVE('',#3727,#3729,#3725,.T.) ;
#3735=EDGE_CURVE('',#3729,#3727,#3734,.T.) ;
#3748=EDGE_CURVE('',#3745,#3747,#3743,.T.) ;
#3753=EDGE_CURVE('',#3747,#3745,#3752,.T.) ;
#3766=EDGE_CURVE('',#3763,#3765,#3761,.T.) ;
#3771=EDGE_CURVE('',#3765,#3763,#3770,.T.) ;
#3784=EDGE_CURVE('',#3781,#3783,#3779,.T.) ;
#3789=EDGE_CURVE('',#3783,#3781,#3788,.T.) ;
#3804=EDGE_CURVE('',#3665,#3504,#3803,.F.) ;
#3809=EDGE_CURVE('',#3667,#3502,#3808,.F.) ;
#3828=EDGE_CURVE('',#3029,#571,#3827,.F.) ;
#3833=EDGE_CURVE('',#3027,#573,#3832,.F.) ;
#3857=EDGE_CURVE('',#3691,#3535,#3856,.F.) ;
#3862=EDGE_CURVE('',#3693,#3533,#3861,.F.) ;
#3881=EDGE_CURVE('',#3055,#625,#3880,.F.) ;
#3886=EDGE_CURVE('',#3053,#627,#3885,.F.) ;
#3910=EDGE_CURVE('',#3709,#3553,#3909,.F.) ;
#3915=EDGE_CURVE('',#3711,#3551,#3914,.F.) ;
#3934=EDGE_CURVE('',#3073,#643,#3933,.F.) ;
#3939=EDGE_CURVE('',#3071,#645,#3938,.F.) ;
#3963=EDGE_CURVE('',#3727,#3571,#3962,.F.) ;
#3968=EDGE_CURVE('',#3729,#3569,#3967,.F.) ;
#3987=EDGE_CURVE('',#3091,#661,#3986,.F.) ;
#3992=EDGE_CURVE('',#3089,#663,#3991,.F.) ;
#4016=EDGE_CURVE('',#3745,#3589,#4015,.F.) ;
#4021=EDGE_CURVE('',#3747,#3587,#4020,.F.) ;
#4040=EDGE_CURVE('',#3109,#679,#4039,.F.) ;
#4045=EDGE_CURVE('',#3107,#681,#4044,.F.) ;
#4069=EDGE_CURVE('',#3763,#3607,#4068,.F.) ;
#4074=EDGE_CURVE('',#3765,#3605,#4073,.F.) ;
#4093=EDGE_CURVE('',#3127,#697,#4092,.F.) ;
#4098=EDGE_CURVE('',#3125,#699,#4097,.F.) ;
#4122=EDGE_CURVE('',#3781,#3625,#4121,.F.) ;
#4127=EDGE_CURVE('',#3783,#3623,#4126,.F.) ;
#4146=EDGE_CURVE('',#3145,#715,#4145,.F.) ;
#4151=EDGE_CURVE('',#3143,#717,#4150,.F.) ;
#84=EDGE_LOOP('',(#85,#86,#87,#88)) ;
#124=EDGE_LOOP('',(#125,#126,#127,#128)) ;
#144=EDGE_LOOP('',(#145,#146)) ;
#162=EDGE_LOOP('',(#163,#164)) ;
#180=EDGE_LOOP('',(#181,#182)) ;
#198=EDGE_LOOP('',(#199,#200)) ;
#216=EDGE_LOOP('',(#217,#218)) ;
#234=EDGE_LOOP('',(#235,#236)) ;
#252=EDGE_LOOP('',(#253,#254)) ;
#270=EDGE_LOOP('',(#271,#272)) ;
#288=EDGE_LOOP('',(#289,#290)) ;
#317=EDGE_LOOP('',(#318,#319,#320,#321)) ;
#337=EDGE_LOOP('',(#338,#339)) ;
#355=EDGE_LOOP('',(#356,#357)) ;
#373=EDGE_LOOP('',(#374,#375)) ;
#391=EDGE_LOOP('',(#392,#393)) ;
#409=EDGE_LOOP('',(#410,#411)) ;
#427=EDGE_LOOP('',(#428,#429)) ;
#445=EDGE_LOOP('',(#446,#447)) ;
#463=EDGE_LOOP('',(#464,#465)) ;
#481=EDGE_LOOP('',(#482,#483)) ;
#519=EDGE_LOOP('',(#520,#521,#522,#523)) ;
#536=EDGE_LOOP('',(#537,#538,#539,#540)) ;
#560=EDGE_LOOP('',(#561,#562,#563,#564)) ;
#580=EDGE_LOOP('',(#581,#582)) ;
#598=EDGE_LOOP('',(#599,#600)) ;
#616=EDGE_LOOP('',(#617,#618)) ;
#634=EDGE_LOOP('',(#635,#636)) ;
#652=EDGE_LOOP('',(#653,#654)) ;
#670=EDGE_LOOP('',(#671,#672)) ;
#688=EDGE_LOOP('',(#689,#690)) ;
#706=EDGE_LOOP('',(#707,#708)) ;
#724=EDGE_LOOP('',(#725,#726)) ;
#753=EDGE_LOOP('',(#754,#755,#756,#757)) ;
#765=EDGE_LOOP('',(#766,#767,#768,#769)) ;
#796=EDGE_LOOP('',(#797,#798,#799,#800)) ;
#808=EDGE_LOOP('',(#809,#810,#811,#812)) ;
#839=EDGE_LOOP('',(#840,#841,#842,#843)) ;
#851=EDGE_LOOP('',(#852,#853,#854,#855)) ;
#882=EDGE_LOOP('',(#883,#884,#885,#886)) ;
#894=EDGE_LOOP('',(#895,#896,#897,#898)) ;
#925=EDGE_LOOP('',(#926,#927,#928,#929)) ;
#937=EDGE_LOOP('',(#938,#939,#940,#941)) ;
#968=EDGE_LOOP('',(#969,#970,#971,#972)) ;
#980=EDGE_LOOP('',(#981,#982,#983,#984)) ;
#1011=EDGE_LOOP('',(#1012,#1013,#1014,#1015)) ;
#1023=EDGE_LOOP('',(#1024,#1025,#1026,#1027)) ;
#1054=EDGE_LOOP('',(#1055,#1056,#1057,#1058)) ;
#1066=EDGE_LOOP('',(#1067,#1068,#1069,#1070)) ;
#1097=EDGE_LOOP('',(#1098,#1099,#1100,#1101)) ;
#1109=EDGE_LOOP('',(#1110,#1111,#1112,#1113)) ;
#1135=EDGE_LOOP('',(#1136,#1137,#1138,#1139)) ;
#1147=EDGE_LOOP('',(#1148,#1149,#1150,#1151)) ;
#1173=EDGE_LOOP('',(#1174,#1175,#1176,#1177)) ;
#1185=EDGE_LOOP('',(#1186,#1187,#1188,#1189)) ;
#1225=EDGE_LOOP('',(#1226,#1227,#1228,#1229)) ;
#1231=EDGE_LOOP('',(#1232,#1233)) ;
#1235=EDGE_LOOP('',(#1236,#1237)) ;
#1239=EDGE_LOOP('',(#1240,#1241)) ;
#1243=EDGE_LOOP('',(#1244,#1245)) ;
#1247=EDGE_LOOP('',(#1248,#1249)) ;
#1251=EDGE_LOOP('',(#1252,#1253)) ;
#1255=EDGE_LOOP('',(#1256,#1257)) ;
#1259=EDGE_LOOP('',(#1260,#1261)) ;
#1263=EDGE_LOOP('',(#1264,#1265)) ;
#1292=EDGE_LOOP('',(#1293,#1294,#1295,#1296)) ;
#1323=EDGE_LOOP('',(#1324,#1325,#1326,#1327)) ;
#1354=EDGE_LOOP('',(#1355,#1356,#1357,#1358)) ;
#1385=EDGE_LOOP('',(#1386,#1387,#1388,#1389)) ;
#1402=EDGE_LOOP('',(#1403,#1404,#1405)) ;
#1432=EDGE_LOOP('',(#1433,#1434,#1435,#1436)) ;
#1452=EDGE_LOOP('',(#1453,#1454)) ;
#1470=EDGE_LOOP('',(#1471,#1472)) ;
#1488=EDGE_LOOP('',(#1489,#1490)) ;
#1506=EDGE_LOOP('',(#1507,#1508)) ;
#1524=EDGE_LOOP('',(#1525,#1526)) ;
#1542=EDGE_LOOP('',(#1543,#1544)) ;
#1560=EDGE_LOOP('',(#1561,#1562)) ;
#1578=EDGE_LOOP('',(#1579,#1580)) ;
#1596=EDGE_LOOP('',(#1597,#1598)) ;
#1625=EDGE_LOOP('',(#1626,#1627,#1628,#1629)) ;
#1645=EDGE_LOOP('',(#1646,#1647)) ;
#1663=EDGE_LOOP('',(#1664,#1665)) ;
#1681=EDGE_LOOP('',(#1682,#1683)) ;
#1699=EDGE_LOOP('',(#1700,#1701)) ;
#1717=EDGE_LOOP('',(#1718,#1719)) ;
#1735=EDGE_LOOP('',(#1736,#1737)) ;
#1753=EDGE_LOOP('',(#1754,#1755)) ;
#1771=EDGE_LOOP('',(#1772,#1773)) ;
#1789=EDGE_LOOP('',(#1790,#1791)) ;
#1811=EDGE_LOOP('',(#1812,#1813,#1814,#1815)) ;
#1840=EDGE_LOOP('',(#1841,#1842,#1843,#1844)) ;
#1871=EDGE_LOOP('',(#1872,#1873,#1874,#1875)) ;
#1900=EDGE_LOOP('',(#1901,#1902,#1903,#1904)) ;
#1931=EDGE_LOOP('',(#1932,#1933,#1934,#1935)) ;
#1948=EDGE_LOOP('',(#1949,#1950,#1951)) ;
#1964=EDGE_LOOP('',(#1965,#1966,#1967)) ;
#1985=EDGE_LOOP('',(#1986,#1987,#1988,#1989)) ;
#2005=EDGE_LOOP('',(#2006,#2007)) ;
#2023=EDGE_LOOP('',(#2024,#2025)) ;
#2041=EDGE_LOOP('',(#2042,#2043)) ;
#2059=EDGE_LOOP('',(#2060,#2061)) ;
#2077=EDGE_LOOP('',(#2078,#2079)) ;
#2095=EDGE_LOOP('',(#2096,#2097)) ;
#2113=EDGE_LOOP('',(#2114,#2115)) ;
#2131=EDGE_LOOP('',(#2132,#2133)) ;
#2149=EDGE_LOOP('',(#2150,#2151)) ;
#2164=EDGE_LOOP('',(#2165,#2166,#2167)) ;
#2187=EDGE_LOOP('',(#2188,#2189,#2190)) ;
#2203=EDGE_LOOP('',(#2204,#2205,#2206,#2207)) ;
#2220=EDGE_LOOP('',(#2221,#2222,#2223,#2224)) ;
#2246=EDGE_LOOP('',(#2247,#2248,#2249,#2250)) ;
#2258=EDGE_LOOP('',(#2259,#2260,#2261,#2262)) ;
#2284=EDGE_LOOP('',(#2285,#2286,#2287,#2288)) ;
#2296=EDGE_LOOP('',(#2297,#2298,#2299,#2300)) ;
#2322=EDGE_LOOP('',(#2323,#2324,#2325,#2326)) ;
#2334=EDGE_LOOP('',(#2335,#2336,#2337,#2338)) ;
#2360=EDGE_LOOP('',(#2361,#2362,#2363,#2364)) ;
#2372=EDGE_LOOP('',(#2373,#2374,#2375,#2376)) ;
#2398=EDGE_LOOP('',(#2399,#2400,#2401,#2402)) ;
#2410=EDGE_LOOP('',(#2411,#2412,#2413,#2414)) ;
#2436=EDGE_LOOP('',(#2437,#2438,#2439,#2440)) ;
#2448=EDGE_LOOP('',(#2449,#2450,#2451,#2452)) ;
#2474=EDGE_LOOP('',(#2475,#2476,#2477,#2478)) ;
#2486=EDGE_LOOP('',(#2487,#2488,#2489,#2490)) ;
#2512=EDGE_LOOP('',(#2513,#2514,#2515,#2516)) ;
#2524=EDGE_LOOP('',(#2525,#2526,#2527,#2528)) ;
#2550=EDGE_LOOP('',(#2551,#2552,#2553,#2554)) ;
#2562=EDGE_LOOP('',(#2563,#2564,#2565,#2566)) ;
#2584=EDGE_LOOP('',(#2585,#2586,#2587,#2588)) ;
#2615=EDGE_LOOP('',(#2616,#2617,#2618,#2619)) ;
#2627=EDGE_LOOP('',(#2628,#2629,#2630,#2631)) ;
#2658=EDGE_LOOP('',(#2659,#2660,#2661,#2662)) ;
#2670=EDGE_LOOP('',(#2671,#2672,#2673,#2674)) ;
#2701=EDGE_LOOP('',(#2702,#2703,#2704,#2705)) ;
#2713=EDGE_LOOP('',(#2714,#2715,#2716,#2717)) ;
#2744=EDGE_LOOP('',(#2745,#2746,#2747,#2748)) ;
#2756=EDGE_LOOP('',(#2757,#2758,#2759,#2760)) ;
#2787=EDGE_LOOP('',(#2788,#2789,#2790,#2791)) ;
#2799=EDGE_LOOP('',(#2800,#2801,#2802,#2803)) ;
#2830=EDGE_LOOP('',(#2831,#2832,#2833,#2834)) ;
#2842=EDGE_LOOP('',(#2843,#2844,#2845,#2846)) ;
#2873=EDGE_LOOP('',(#2874,#2875,#2876,#2877)) ;
#2885=EDGE_LOOP('',(#2886,#2887,#2888,#2889)) ;
#2916=EDGE_LOOP('',(#2917,#2918,#2919,#2920)) ;
#2928=EDGE_LOOP('',(#2929,#2930,#2931,#2932)) ;
#2959=EDGE_LOOP('',(#2960,#2961,#2962,#2963)) ;
#2971=EDGE_LOOP('',(#2972,#2973,#2974,#2975)) ;
#2983=EDGE_LOOP('',(#2984,#2985,#2986)) ;
#2994=EDGE_LOOP('',(#2995,#2996,#2997)) ;
#3005=EDGE_LOOP('',(#3006,#3007,#3008)) ;
#3016=EDGE_LOOP('',(#3017,#3018,#3019,#3020)) ;
#3036=EDGE_LOOP('',(#3037,#3038)) ;
#3040=EDGE_LOOP('',(#3041,#3042)) ;
#3044=EDGE_LOOP('',(#3045,#3046)) ;
#3062=EDGE_LOOP('',(#3063,#3064)) ;
#3080=EDGE_LOOP('',(#3081,#3082)) ;
#3098=EDGE_LOOP('',(#3099,#3100)) ;
#3116=EDGE_LOOP('',(#3117,#3118)) ;
#3134=EDGE_LOOP('',(#3135,#3136)) ;
#3152=EDGE_LOOP('',(#3153,#3154)) ;
#3167=EDGE_LOOP('',(#3168,#3169,#3170,#3171)) ;
#3174=EDGE_LOOP('',(#3175,#3176,#3177,#3178)) ;
#3191=EDGE_LOOP('',(#3192,#3193,#3194,#3195)) ;
#3198=EDGE_LOOP('',(#3199,#3200,#3201,#3202)) ;
#3215=EDGE_LOOP('',(#3216,#3217,#3218,#3219)) ;
#3222=EDGE_LOOP('',(#3223,#3224,#3225,#3226)) ;
#3239=EDGE_LOOP('',(#3240,#3241,#3242,#3243)) ;
#3246=EDGE_LOOP('',(#3247,#3248,#3249,#3250)) ;
#3263=EDGE_LOOP('',(#3264,#3265,#3266,#3267)) ;
#3270=EDGE_LOOP('',(#3271,#3272,#3273,#3274)) ;
#3287=EDGE_LOOP('',(#3288,#3289,#3290,#3291)) ;
#3294=EDGE_LOOP('',(#3295,#3296,#3297,#3298)) ;
#3311=EDGE_LOOP('',(#3312,#3313,#3314,#3315)) ;
#3318=EDGE_LOOP('',(#3319,#3320,#3321,#3322)) ;
#3335=EDGE_LOOP('',(#3336,#3337,#3338,#3339)) ;
#3342=EDGE_LOOP('',(#3343,#3344,#3345,#3346)) ;
#3359=EDGE_LOOP('',(#3360,#3361,#3362,#3363)) ;
#3366=EDGE_LOOP('',(#3367,#3368,#3369,#3370)) ;
#3390=EDGE_LOOP('',(#3391,#3392,#3393,#3394)) ;
#3396=EDGE_LOOP('',(#3397,#3398)) ;
#3400=EDGE_LOOP('',(#3401,#3402)) ;
#3404=EDGE_LOOP('',(#3405,#3406)) ;
#3408=EDGE_LOOP('',(#3409,#3410)) ;
#3412=EDGE_LOOP('',(#3413,#3414)) ;
#3416=EDGE_LOOP('',(#3417,#3418)) ;
#3420=EDGE_LOOP('',(#3421,#3422)) ;
#3424=EDGE_LOOP('',(#3425,#3426)) ;
#3428=EDGE_LOOP('',(#3429,#3430)) ;
#3443=EDGE_LOOP('',(#3444,#3445,#3446,#3447)) ;
#3449=EDGE_LOOP('',(#3450,#3451)) ;
#3453=EDGE_LOOP('',(#3454,#3455)) ;
#3457=EDGE_LOOP('',(#3458,#3459)) ;
#3461=EDGE_LOOP('',(#3462,#3463)) ;
#3465=EDGE_LOOP('',(#3466,#3467)) ;
#3469=EDGE_LOOP('',(#3470,#3471)) ;
#3473=EDGE_LOOP('',(#3474,#3475)) ;
#3477=EDGE_LOOP('',(#3478,#3479)) ;
#3481=EDGE_LOOP('',(#3482,#3483)) ;
#3491=EDGE_LOOP('',(#3492,#3493,#3494,#3495)) ;
#3511=EDGE_LOOP('',(#3512,#3513)) ;
#3520=EDGE_LOOP('',(#3521,#3522)) ;
#3524=EDGE_LOOP('',(#3525,#3526)) ;
#3542=EDGE_LOOP('',(#3543,#3544)) ;
#3560=EDGE_LOOP('',(#3561,#3562)) ;
#3578=EDGE_LOOP('',(#3579,#3580)) ;
#3596=EDGE_LOOP('',(#3597,#3598)) ;
#3614=EDGE_LOOP('',(#3615,#3616)) ;
#3632=EDGE_LOOP('',(#3633,#3634)) ;
#3642=EDGE_LOOP('',(#3643,#3644,#3645,#3646)) ;
#3654=EDGE_LOOP('',(#3655,#3656,#3657,#3658)) ;
#3674=EDGE_LOOP('',(#3675,#3676)) ;
#3678=EDGE_LOOP('',(#3679,#3680)) ;
#3682=EDGE_LOOP('',(#3683,#3684)) ;
#3700=EDGE_LOOP('',(#3701,#3702)) ;
#3718=EDGE_LOOP('',(#3719,#3720)) ;
#3736=EDGE_LOOP('',(#3737,#3738)) ;
#3754=EDGE_LOOP('',(#3755,#3756)) ;
#3772=EDGE_LOOP('',(#3773,#3774)) ;
#3790=EDGE_LOOP('',(#3791,#3792)) ;
#3810=EDGE_LOOP('',(#3811,#3812,#3813,#3814)) ;
#3817=EDGE_LOOP('',(#3818,#3819,#3820,#3821)) ;
#3834=EDGE_LOOP('',(#3835,#3836,#3837,#3838)) ;
#3841=EDGE_LOOP('',(#3842,#3843,#3844,#3845)) ;
#3863=EDGE_LOOP('',(#3864,#3865,#3866,#3867)) ;
#3870=EDGE_LOOP('',(#3871,#3872,#3873,#3874)) ;
#3887=EDGE_LOOP('',(#3888,#3889,#3890,#3891)) ;
#3894=EDGE_LOOP('',(#3895,#3896,#3897,#3898)) ;
#3916=EDGE_LOOP('',(#3917,#3918,#3919,#3920)) ;
#3923=EDGE_LOOP('',(#3924,#3925,#3926,#3927)) ;
#3940=EDGE_LOOP('',(#3941,#3942,#3943,#3944)) ;
#3947=EDGE_LOOP('',(#3948,#3949,#3950,#3951)) ;
#3969=EDGE_LOOP('',(#3970,#3971,#3972,#3973)) ;
#3976=EDGE_LOOP('',(#3977,#3978,#3979,#3980)) ;
#3993=EDGE_LOOP('',(#3994,#3995,#3996,#3997)) ;
#4000=EDGE_LOOP('',(#4001,#4002,#4003,#4004)) ;
#4022=EDGE_LOOP('',(#4023,#4024,#4025,#4026)) ;
#4029=EDGE_LOOP('',(#4030,#4031,#4032,#4033)) ;
#4046=EDGE_LOOP('',(#4047,#4048,#4049,#4050)) ;
#4053=EDGE_LOOP('',(#4054,#4055,#4056,#4057)) ;
#4075=EDGE_LOOP('',(#4076,#4077,#4078,#4079)) ;
#4082=EDGE_LOOP('',(#4083,#4084,#4085,#4086)) ;
#4099=EDGE_LOOP('',(#4100,#4101,#4102,#4103)) ;
#4106=EDGE_LOOP('',(#4107,#4108,#4109,#4110)) ;
#4128=EDGE_LOOP('',(#4129,#4130,#4131,#4132)) ;
#4135=EDGE_LOOP('',(#4136,#4137,#4138,#4139)) ;
#4152=EDGE_LOOP('',(#4153,#4154,#4155,#4156)) ;
#4159=EDGE_LOOP('',(#4160,#4161,#4162,#4163)) ;
#89=FACE_OUTER_BOUND('',#84,.T.) ;
#129=FACE_OUTER_BOUND('',#124,.T.) ;
#322=FACE_OUTER_BOUND('',#317,.T.) ;
#524=FACE_OUTER_BOUND('',#519,.T.) ;
#541=FACE_OUTER_BOUND('',#536,.T.) ;
#565=FACE_OUTER_BOUND('',#560,.T.) ;
#758=FACE_OUTER_BOUND('',#753,.T.) ;
#770=FACE_OUTER_BOUND('',#765,.T.) ;
#801=FACE_OUTER_BOUND('',#796,.T.) ;
#813=FACE_OUTER_BOUND('',#808,.T.) ;
#844=FACE_OUTER_BOUND('',#839,.T.) ;
#856=FACE_OUTER_BOUND('',#851,.T.) ;
#887=FACE_OUTER_BOUND('',#882,.T.) ;
#899=FACE_OUTER_BOUND('',#894,.T.) ;
#930=FACE_OUTER_BOUND('',#925,.T.) ;
#942=FACE_OUTER_BOUND('',#937,.T.) ;
#973=FACE_OUTER_BOUND('',#968,.T.) ;
#985=FACE_OUTER_BOUND('',#980,.T.) ;
#1016=FACE_OUTER_BOUND('',#1011,.T.) ;
#1028=FACE_OUTER_BOUND('',#1023,.T.) ;
#1059=FACE_OUTER_BOUND('',#1054,.T.) ;
#1071=FACE_OUTER_BOUND('',#1066,.T.) ;
#1102=FACE_OUTER_BOUND('',#1097,.T.) ;
#1114=FACE_OUTER_BOUND('',#1109,.T.) ;
#1140=FACE_OUTER_BOUND('',#1135,.T.) ;
#1152=FACE_OUTER_BOUND('',#1147,.T.) ;
#1178=FACE_OUTER_BOUND('',#1173,.T.) ;
#1190=FACE_OUTER_BOUND('',#1185,.T.) ;
#1230=FACE_OUTER_BOUND('',#1225,.T.) ;
#1297=FACE_OUTER_BOUND('',#1292,.T.) ;
#1328=FACE_OUTER_BOUND('',#1323,.T.) ;
#1359=FACE_OUTER_BOUND('',#1354,.T.) ;
#1390=FACE_OUTER_BOUND('',#1385,.T.) ;
#1406=FACE_OUTER_BOUND('',#1402,.T.) ;
#1437=FACE_OUTER_BOUND('',#1432,.T.) ;
#1630=FACE_OUTER_BOUND('',#1625,.T.) ;
#1816=FACE_OUTER_BOUND('',#1811,.T.) ;
#1845=FACE_OUTER_BOUND('',#1840,.T.) ;
#1876=FACE_OUTER_BOUND('',#1871,.T.) ;
#1905=FACE_OUTER_BOUND('',#1900,.T.) ;
#1936=FACE_OUTER_BOUND('',#1931,.T.) ;
#1952=FACE_OUTER_BOUND('',#1948,.T.) ;
#1968=FACE_OUTER_BOUND('',#1964,.T.) ;
#1990=FACE_OUTER_BOUND('',#1985,.T.) ;
#2168=FACE_OUTER_BOUND('',#2164,.T.) ;
#2191=FACE_OUTER_BOUND('',#2187,.T.) ;
#2208=FACE_OUTER_BOUND('',#2203,.T.) ;
#2225=FACE_OUTER_BOUND('',#2220,.T.) ;
#2251=FACE_OUTER_BOUND('',#2246,.T.) ;
#2263=FACE_OUTER_BOUND('',#2258,.T.) ;
#2289=FACE_OUTER_BOUND('',#2284,.T.) ;
#2301=FACE_OUTER_BOUND('',#2296,.T.) ;
#2327=FACE_OUTER_BOUND('',#2322,.T.) ;
#2339=FACE_OUTER_BOUND('',#2334,.T.) ;
#2365=FACE_OUTER_BOUND('',#2360,.T.) ;
#2377=FACE_OUTER_BOUND('',#2372,.T.) ;
#2403=FACE_OUTER_BOUND('',#2398,.T.) ;
#2415=FACE_OUTER_BOUND('',#2410,.T.) ;
#2441=FACE_OUTER_BOUND('',#2436,.T.) ;
#2453=FACE_OUTER_BOUND('',#2448,.T.) ;
#2479=FACE_OUTER_BOUND('',#2474,.T.) ;
#2491=FACE_OUTER_BOUND('',#2486,.T.) ;
#2517=FACE_OUTER_BOUND('',#2512,.T.) ;
#2529=FACE_OUTER_BOUND('',#2524,.T.) ;
#2555=FACE_OUTER_BOUND('',#2550,.T.) ;
#2567=FACE_OUTER_BOUND('',#2562,.T.) ;
#2589=FACE_OUTER_BOUND('',#2584,.T.) ;
#2620=FACE_OUTER_BOUND('',#2615,.T.) ;
#2632=FACE_OUTER_BOUND('',#2627,.T.) ;
#2663=FACE_OUTER_BOUND('',#2658,.T.) ;
#2675=FACE_OUTER_BOUND('',#2670,.T.) ;
#2706=FACE_OUTER_BOUND('',#2701,.T.) ;
#2718=FACE_OUTER_BOUND('',#2713,.T.) ;
#2749=FACE_OUTER_BOUND('',#2744,.T.) ;
#2761=FACE_OUTER_BOUND('',#2756,.T.) ;
#2792=FACE_OUTER_BOUND('',#2787,.T.) ;
#2804=FACE_OUTER_BOUND('',#2799,.T.) ;
#2835=FACE_OUTER_BOUND('',#2830,.T.) ;
#2847=FACE_OUTER_BOUND('',#2842,.T.) ;
#2878=FACE_OUTER_BOUND('',#2873,.T.) ;
#2890=FACE_OUTER_BOUND('',#2885,.T.) ;
#2921=FACE_OUTER_BOUND('',#2916,.T.) ;
#2933=FACE_OUTER_BOUND('',#2928,.T.) ;
#2964=FACE_OUTER_BOUND('',#2959,.T.) ;
#2976=FACE_OUTER_BOUND('',#2971,.T.) ;
#2987=FACE_OUTER_BOUND('',#2983,.T.) ;
#2998=FACE_OUTER_BOUND('',#2994,.T.) ;
#3009=FACE_OUTER_BOUND('',#3005,.T.) ;
#3021=FACE_OUTER_BOUND('',#3016,.T.) ;
#3172=FACE_OUTER_BOUND('',#3167,.T.) ;
#3179=FACE_OUTER_BOUND('',#3174,.T.) ;
#3196=FACE_OUTER_BOUND('',#3191,.T.) ;
#3203=FACE_OUTER_BOUND('',#3198,.T.) ;
#3220=FACE_OUTER_BOUND('',#3215,.T.) ;
#3227=FACE_OUTER_BOUND('',#3222,.T.) ;
#3244=FACE_OUTER_BOUND('',#3239,.T.) ;
#3251=FACE_OUTER_BOUND('',#3246,.T.) ;
#3268=FACE_OUTER_BOUND('',#3263,.T.) ;
#3275=FACE_OUTER_BOUND('',#3270,.T.) ;
#3292=FACE_OUTER_BOUND('',#3287,.T.) ;
#3299=FACE_OUTER_BOUND('',#3294,.T.) ;
#3316=FACE_OUTER_BOUND('',#3311,.T.) ;
#3323=FACE_OUTER_BOUND('',#3318,.T.) ;
#3340=FACE_OUTER_BOUND('',#3335,.T.) ;
#3347=FACE_OUTER_BOUND('',#3342,.T.) ;
#3364=FACE_OUTER_BOUND('',#3359,.T.) ;
#3371=FACE_OUTER_BOUND('',#3366,.T.) ;
#3395=FACE_OUTER_BOUND('',#3390,.T.) ;
#3448=FACE_OUTER_BOUND('',#3443,.T.) ;
#3496=FACE_OUTER_BOUND('',#3491,.T.) ;
#3647=FACE_OUTER_BOUND('',#3642,.T.) ;
#3659=FACE_OUTER_BOUND('',#3654,.T.) ;
#3815=FACE_OUTER_BOUND('',#3810,.T.) ;
#3822=FACE_OUTER_BOUND('',#3817,.T.) ;
#3839=FACE_OUTER_BOUND('',#3834,.T.) ;
#3846=FACE_OUTER_BOUND('',#3841,.T.) ;
#3868=FACE_OUTER_BOUND('',#3863,.T.) ;
#3875=FACE_OUTER_BOUND('',#3870,.T.) ;
#3892=FACE_OUTER_BOUND('',#3887,.T.) ;
#3899=FACE_OUTER_BOUND('',#3894,.T.) ;
#3921=FACE_OUTER_BOUND('',#3916,.T.) ;
#3928=FACE_OUTER_BOUND('',#3923,.T.) ;
#3945=FACE_OUTER_BOUND('',#3940,.T.) ;
#3952=FACE_OUTER_BOUND('',#3947,.T.) ;
#3974=FACE_OUTER_BOUND('',#3969,.T.) ;
#3981=FACE_OUTER_BOUND('',#3976,.T.) ;
#3998=FACE_OUTER_BOUND('',#3993,.T.) ;
#4005=FACE_OUTER_BOUND('',#4000,.T.) ;
#4027=FACE_OUTER_BOUND('',#4022,.T.) ;
#4034=FACE_OUTER_BOUND('',#4029,.T.) ;
#4051=FACE_OUTER_BOUND('',#4046,.T.) ;
#4058=FACE_OUTER_BOUND('',#4053,.T.) ;
#4080=FACE_OUTER_BOUND('',#4075,.T.) ;
#4087=FACE_OUTER_BOUND('',#4082,.T.) ;
#4104=FACE_OUTER_BOUND('',#4099,.T.) ;
#4111=FACE_OUTER_BOUND('',#4106,.T.) ;
#4133=FACE_OUTER_BOUND('',#4128,.T.) ;
#4140=FACE_OUTER_BOUND('',#4135,.T.) ;
#4157=FACE_OUTER_BOUND('',#4152,.T.) ;
#4164=FACE_OUTER_BOUND('',#4159,.T.) ;
#44=UNCERTAINTY_MEASURE_WITH_UNIT(LENGTH_MEASURE(0.005),#41,'distance_accuracy_value','CONFUSED CURVE UNCERTAINTY') ;
#59=LINE('Line',#56,#58) ;
#75=LINE('Line',#72,#74) ;
#99=LINE('Line',#96,#98) ;
#108=LINE('Line',#105,#107) ;
#115=LINE('Line',#112,#114) ;
#122=LINE('Line',#119,#121) ;
#301=LINE('Line',#298,#300) ;
#310=LINE('Line',#307,#309) ;
#315=LINE('Line',#312,#314) ;
#494=LINE('Line',#491,#493) ;
#510=LINE('Line',#507,#509) ;
#551=LINE('Line',#548,#550) ;
#558=LINE('Line',#555,#557) ;
#737=LINE('Line',#734,#736) ;
#751=LINE('Line',#748,#750) ;
#780=LINE('Line',#777,#779) ;
#794=LINE('Line',#791,#793) ;
#823=LINE('Line',#820,#822) ;
#837=LINE('Line',#834,#836) ;
#866=LINE('Line',#863,#865) ;
#880=LINE('Line',#877,#879) ;
#909=LINE('Line',#906,#908) ;
#923=LINE('Line',#920,#922) ;
#952=LINE('Line',#949,#951) ;
#966=LINE('Line',#963,#965) ;
#995=LINE('Line',#992,#994) ;
#1009=LINE('Line',#1006,#1008) ;
#1038=LINE('Line',#1035,#1037) ;
#1052=LINE('Line',#1049,#1051) ;
#1081=LINE('Line',#1078,#1080) ;
#1095=LINE('Line',#1092,#1094) ;
#1119=LINE('Line',#1116,#1118) ;
#1133=LINE('Line',#1130,#1132) ;
#1157=LINE('Line',#1154,#1156) ;
#1171=LINE('Line',#1168,#1170) ;
#1200=LINE('Line',#1197,#1199) ;
#1209=LINE('Line',#1206,#1208) ;
#1216=LINE('Line',#1213,#1215) ;
#1223=LINE('Line',#1220,#1222) ;
#1276=LINE('Line',#1273,#1275) ;
#1283=LINE('Line',#1280,#1282) ;
#1290=LINE('Line',#1287,#1289) ;
#1307=LINE('Line',#1304,#1306) ;
#1316=LINE('Line',#1313,#1315) ;
#1321=LINE('Line',#1318,#1320) ;
#1338=LINE('Line',#1335,#1337) ;
#1345=LINE('Line',#1342,#1344) ;
#1352=LINE('Line',#1349,#1351) ;
#1369=LINE('Line',#1366,#1368) ;
#1376=LINE('Line',#1373,#1375) ;
#1383=LINE('Line',#1380,#1382) ;
#1400=LINE('Line',#1397,#1399) ;
#1416=LINE('Line',#1413,#1415) ;
#1423=LINE('Line',#1420,#1422) ;
#1430=LINE('Line',#1427,#1429) ;
#1609=LINE('Line',#1606,#1608) ;
#1616=LINE('Line',#1613,#1615) ;
#1623=LINE('Line',#1620,#1622) ;
#1802=LINE('Line',#1799,#1801) ;
#1809=LINE('Line',#1806,#1808) ;
#1826=LINE('Line',#1823,#1825) ;
#1833=LINE('Line',#1830,#1832) ;
#1838=LINE('Line',#1835,#1837) ;
#1855=LINE('Line',#1852,#1854) ;
#1864=LINE('Line',#1861,#1863) ;
#1869=LINE('Line',#1866,#1868) ;
#1886=LINE('Line',#1883,#1885) ;
#1893=LINE('Line',#1890,#1892) ;
#1898=LINE('Line',#1895,#1897) ;
#1915=LINE('Line',#1912,#1914) ;
#1922=LINE('Line',#1919,#1921) ;
#1929=LINE('Line',#1926,#1928) ;
#1946=LINE('Line',#1943,#1945) ;
#1962=LINE('Line',#1959,#1961) ;
#1978=LINE('Line',#1975,#1977) ;
#1983=LINE('Line',#1980,#1982) ;
#2162=LINE('Line',#2159,#2161) ;
#2178=LINE('Line',#2175,#2177) ;
#2185=LINE('Line',#2182,#2184) ;
#2201=LINE('Line',#2198,#2200) ;
#2218=LINE('Line',#2215,#2217) ;
#2230=LINE('Line',#2227,#2229) ;
#2237=LINE('Line',#2234,#2236) ;
#2268=LINE('Line',#2265,#2267) ;
#2275=LINE('Line',#2272,#2274) ;
#2315=LINE('Line',#2312,#2314) ;
#2320=LINE('Line',#2317,#2319) ;
#2344=LINE('Line',#2341,#2343) ;
#2351=LINE('Line',#2348,#2350) ;
#2382=LINE('Line',#2379,#2381) ;
#2389=LINE('Line',#2386,#2388) ;
#2420=LINE('Line',#2417,#2419) ;
#2427=LINE('Line',#2424,#2426) ;
#2458=LINE('Line',#2455,#2457) ;
#2465=LINE('Line',#2462,#2464) ;
#2496=LINE('Line',#2493,#2495) ;
#2503=LINE('Line',#2500,#2502) ;
#2534=LINE('Line',#2531,#2533) ;
#2541=LINE('Line',#2538,#2540) ;
#2577=LINE('Line',#2574,#2576) ;
#2582=LINE('Line',#2579,#2581) ;
#2599=LINE('Line',#2596,#2598) ;
#2606=LINE('Line',#2603,#2605) ;
#2642=LINE('Line',#2639,#2641) ;
#2649=LINE('Line',#2646,#2648) ;
#2685=LINE('Line',#2682,#2684) ;
#2692=LINE('Line',#2689,#2691) ;
#2728=LINE('Line',#2725,#2727) ;
#2735=LINE('Line',#2732,#2734) ;
#2771=LINE('Line',#2768,#2770) ;
#2778=LINE('Line',#2775,#2777) ;
#2814=LINE('Line',#2811,#2813) ;
#2821=LINE('Line',#2818,#2820) ;
#2857=LINE('Line',#2854,#2856) ;
#2864=LINE('Line',#2861,#2863) ;
#2900=LINE('Line',#2897,#2899) ;
#2907=LINE('Line',#2904,#2906) ;
#2943=LINE('Line',#2940,#2942) ;
#2950=LINE('Line',#2947,#2949) ;
#3160=LINE('Line',#3157,#3159) ;
#3165=LINE('Line',#3162,#3164) ;
#3184=LINE('Line',#3181,#3183) ;
#3189=LINE('Line',#3186,#3188) ;
#3208=LINE('Line',#3205,#3207) ;
#3213=LINE('Line',#3210,#3212) ;
#3232=LINE('Line',#3229,#3231) ;
#3237=LINE('Line',#3234,#3236) ;
#3256=LINE('Line',#3253,#3255) ;
#3261=LINE('Line',#3258,#3260) ;
#3280=LINE('Line',#3277,#3279) ;
#3285=LINE('Line',#3282,#3284) ;
#3304=LINE('Line',#3301,#3303) ;
#3309=LINE('Line',#3306,#3308) ;
#3328=LINE('Line',#3325,#3327) ;
#3333=LINE('Line',#3330,#3332) ;
#3352=LINE('Line',#3349,#3351) ;
#3357=LINE('Line',#3354,#3356) ;
#3381=LINE('Line',#3378,#3380) ;
#3388=LINE('Line',#3385,#3387) ;
#3441=LINE('Line',#3438,#3440) ;
#3803=LINE('Line',#3800,#3802) ;
#3808=LINE('Line',#3805,#3807) ;
#3827=LINE('Line',#3824,#3826) ;
#3832=LINE('Line',#3829,#3831) ;
#3856=LINE('Line',#3853,#3855) ;
#3861=LINE('Line',#3858,#3860) ;
#3880=LINE('Line',#3877,#3879) ;
#3885=LINE('Line',#3882,#3884) ;
#3909=LINE('Line',#3906,#3908) ;
#3914=LINE('Line',#3911,#3913) ;
#3933=LINE('Line',#3930,#3932) ;
#3938=LINE('Line',#3935,#3937) ;
#3962=LINE('Line',#3959,#3961) ;
#3967=LINE('Line',#3964,#3966) ;
#3986=LINE('Line',#3983,#3985) ;
#3991=LINE('Line',#3988,#3990) ;
#4015=LINE('Line',#4012,#4014) ;
#4020=LINE('Line',#4017,#4019) ;
#4039=LINE('Line',#4036,#4038) ;
#4044=LINE('Line',#4041,#4043) ;
#4068=LINE('Line',#4065,#4067) ;
#4073=LINE('Line',#4070,#4072) ;
#4092=LINE('Line',#4089,#4091) ;
#4097=LINE('Line',#4094,#4096) ;
#4121=LINE('Line',#4118,#4120) ;
#4126=LINE('Line',#4123,#4125) ;
#4145=LINE('Line',#4142,#4144) ;
#4150=LINE('Line',#4147,#4149) ;
#2=MECHANICAL_CONTEXT(' ',#1,'mechanical') ;
#24=PERSONAL_ADDRESS(' ',' ',' ',' ',' ',' ',' ',' ',' ',' ',' ',' ',(#22),' ') ;
#95=PLANE('',#94) ;
#297=PLANE('',#296) ;
#547=PLANE('',#546) ;
#1196=PLANE('',#1195) ;
#1272=PLANE('',#1271) ;
#1303=PLANE('',#1302) ;
#1334=PLANE('',#1333) ;
#1365=PLANE('',#1364) ;
#1396=PLANE('',#1395) ;
#1412=PLANE('',#1411) ;
#1605=PLANE('',#1604) ;
#1798=PLANE('',#1797) ;
#1822=PLANE('',#1821) ;
#1851=PLANE('',#1850) ;
#1882=PLANE('',#1881) ;
#1911=PLANE('',#1910) ;
#1942=PLANE('',#1941) ;
#1958=PLANE('',#1957) ;
#1974=PLANE('',#1973) ;
#2158=PLANE('',#2157) ;
#2174=PLANE('',#2173) ;
#2197=PLANE('',#2196) ;
#2214=PLANE('',#2213) ;
#2573=PLANE('',#2572) ;
#2982=PLANE('',#2981) ;
#2993=PLANE('',#2992) ;
#3004=PLANE('',#3003) ;
#3015=PLANE('',#3014) ;
#3377=PLANE('',#3376) ;
#3437=PLANE('',#3436) ;
#3490=PLANE('',#3489) ;
#3653=PLANE('',#3652) ;
#7=PRODUCT_CATEGORY('part',$) ;
#9=PRODUCT_CATEGORY_RELATIONSHIP(' ',' ',#7,#8) ;
#6=PRODUCT_DEFINITION_FORMATION_WITH_SPECIFIED_SOURCE('',' ',#5,.NOT_KNOWN.) ;
#8=PRODUCT_RELATED_PRODUCT_CATEGORY('detail',$,(#5)) ;
#49=SHAPE_DEFINITION_REPRESENTATION(#40,#48) ;
#61=VERTEX_POINT('',#60) ;
#63=VERTEX_POINT('',#62) ;
#70=VERTEX_POINT('',#69) ;
#77=VERTEX_POINT('',#76) ;
#101=VERTEX_POINT('',#100) ;
#103=VERTEX_POINT('',#102) ;
#110=VERTEX_POINT('',#109) ;
#117=VERTEX_POINT('',#116) ;
#135=VERTEX_POINT('',#134) ;
#137=VERTEX_POINT('',#136) ;
#153=VERTEX_POINT('',#152) ;
#155=VERTEX_POINT('',#154) ;
#171=VERTEX_POINT('',#170) ;
#173=VERTEX_POINT('',#172) ;
#189=VERTEX_POINT('',#188) ;
#191=VERTEX_POINT('',#190) ;
#207=VERTEX_POINT('',#206) ;
#209=VERTEX_POINT('',#208) ;
#225=VERTEX_POINT('',#224) ;
#227=VERTEX_POINT('',#226) ;
#243=VERTEX_POINT('',#242) ;
#245=VERTEX_POINT('',#244) ;
#261=VERTEX_POINT('',#260) ;
#263=VERTEX_POINT('',#262) ;
#279=VERTEX_POINT('',#278) ;
#281=VERTEX_POINT('',#280) ;
#303=VERTEX_POINT('',#302) ;
#305=VERTEX_POINT('',#304) ;
#328=VERTEX_POINT('',#327) ;
#330=VERTEX_POINT('',#329) ;
#346=VERTEX_POINT('',#345) ;
#348=VERTEX_POINT('',#347) ;
#364=VERTEX_POINT('',#363) ;
#366=VERTEX_POINT('',#365) ;
#382=VERTEX_POINT('',#381) ;
#384=VERTEX_POINT('',#383) ;
#400=VERTEX_POINT('',#399) ;
#402=VERTEX_POINT('',#401) ;
#418=VERTEX_POINT('',#417) ;
#420=VERTEX_POINT('',#419) ;
#436=VERTEX_POINT('',#435) ;
#438=VERTEX_POINT('',#437) ;
#454=VERTEX_POINT('',#453) ;
#456=VERTEX_POINT('',#455) ;
#472=VERTEX_POINT('',#471) ;
#474=VERTEX_POINT('',#473) ;
#496=VERTEX_POINT('',#495) ;
#498=VERTEX_POINT('',#497) ;
#505=VERTEX_POINT('',#504) ;
#512=VERTEX_POINT('',#511) ;
#553=VERTEX_POINT('',#552) ;
#571=VERTEX_POINT('',#570) ;
#573=VERTEX_POINT('',#572) ;
#589=VERTEX_POINT('',#588) ;
#591=VERTEX_POINT('',#590) ;
#607=VERTEX_POINT('',#606) ;
#609=VERTEX_POINT('',#608) ;
#625=VERTEX_POINT('',#624) ;
#627=VERTEX_POINT('',#626) ;
#643=VERTEX_POINT('',#642) ;
#645=VERTEX_POINT('',#644) ;
#661=VERTEX_POINT('',#660) ;
#663=VERTEX_POINT('',#662) ;
#679=VERTEX_POINT('',#678) ;
#681=VERTEX_POINT('',#680) ;
#697=VERTEX_POINT('',#696) ;
#699=VERTEX_POINT('',#698) ;
#715=VERTEX_POINT('',#714) ;
#717=VERTEX_POINT('',#716) ;
#739=VERTEX_POINT('',#738) ;
#746=VERTEX_POINT('',#745) ;
#782=VERTEX_POINT('',#781) ;
#789=VERTEX_POINT('',#788) ;
#825=VERTEX_POINT('',#824) ;
#832=VERTEX_POINT('',#831) ;
#868=VERTEX_POINT('',#867) ;
#875=VERTEX_POINT('',#874) ;
#911=VERTEX_POINT('',#910) ;
#918=VERTEX_POINT('',#917) ;
#954=VERTEX_POINT('',#953) ;
#961=VERTEX_POINT('',#960) ;
#997=VERTEX_POINT('',#996) ;
#1004=VERTEX_POINT('',#1003) ;
#1040=VERTEX_POINT('',#1039) ;
#1047=VERTEX_POINT('',#1046) ;
#1083=VERTEX_POINT('',#1082) ;
#1090=VERTEX_POINT('',#1089) ;
#1121=VERTEX_POINT('',#1120) ;
#1128=VERTEX_POINT('',#1127) ;
#1159=VERTEX_POINT('',#1158) ;
#1166=VERTEX_POINT('',#1165) ;
#1202=VERTEX_POINT('',#1201) ;
#1204=VERTEX_POINT('',#1203) ;
#1211=VERTEX_POINT('',#1210) ;
#1218=VERTEX_POINT('',#1217) ;
#1278=VERTEX_POINT('',#1277) ;
#1285=VERTEX_POINT('',#1284) ;
#1309=VERTEX_POINT('',#1308) ;
#1311=VERTEX_POINT('',#1310) ;
#1340=VERTEX_POINT('',#1339) ;
#1347=VERTEX_POINT('',#1346) ;
#1371=VERTEX_POINT('',#1370) ;
#1378=VERTEX_POINT('',#1377) ;
#1418=VERTEX_POINT('',#1417) ;
#1425=VERTEX_POINT('',#1424) ;
#1443=VERTEX_POINT('',#1442) ;
#1445=VERTEX_POINT('',#1444) ;
#1461=VERTEX_POINT('',#1460) ;
#1463=VERTEX_POINT('',#1462) ;
#1479=VERTEX_POINT('',#1478) ;
#1481=VERTEX_POINT('',#1480) ;
#1497=VERTEX_POINT('',#1496) ;
#1499=VERTEX_POINT('',#1498) ;
#1515=VERTEX_POINT('',#1514) ;
#1517=VERTEX_POINT('',#1516) ;
#1533=VERTEX_POINT('',#1532) ;
#1535=VERTEX_POINT('',#1534) ;
#1551=VERTEX_POINT('',#1550) ;
#1553=VERTEX_POINT('',#1552) ;
#1569=VERTEX_POINT('',#1568) ;
#1571=VERTEX_POINT('',#1570) ;
#1587=VERTEX_POINT('',#1586) ;
#1589=VERTEX_POINT('',#1588) ;
#1611=VERTEX_POINT('',#1610) ;
#1618=VERTEX_POINT('',#1617) ;
#1636=VERTEX_POINT('',#1635) ;
#1638=VERTEX_POINT('',#1637) ;
#1654=VERTEX_POINT('',#1653) ;
#1656=VERTEX_POINT('',#1655) ;
#1672=VERTEX_POINT('',#1671) ;
#1674=VERTEX_POINT('',#1673) ;
#1690=VERTEX_POINT('',#1689) ;
#1692=VERTEX_POINT('',#1691) ;
#1708=VERTEX_POINT('',#1707) ;
#1710=VERTEX_POINT('',#1709) ;
#1726=VERTEX_POINT('',#1725) ;
#1728=VERTEX_POINT('',#1727) ;
#1744=VERTEX_POINT('',#1743) ;
#1746=VERTEX_POINT('',#1745) ;
#1762=VERTEX_POINT('',#1761) ;
#1764=VERTEX_POINT('',#1763) ;
#1780=VERTEX_POINT('',#1779) ;
#1782=VERTEX_POINT('',#1781) ;
#1804=VERTEX_POINT('',#1803) ;
#1828=VERTEX_POINT('',#1827) ;
#1857=VERTEX_POINT('',#1856) ;
#1859=VERTEX_POINT('',#1858) ;
#1888=VERTEX_POINT('',#1887) ;
#1917=VERTEX_POINT('',#1916) ;
#1924=VERTEX_POINT('',#1923) ;
#1996=VERTEX_POINT('',#1995) ;
#1998=VERTEX_POINT('',#1997) ;
#2014=VERTEX_POINT('',#2013) ;
#2016=VERTEX_POINT('',#2015) ;
#2032=VERTEX_POINT('',#2031) ;
#2034=VERTEX_POINT('',#2033) ;
#2050=VERTEX_POINT('',#2049) ;
#2052=VERTEX_POINT('',#2051) ;
#2068=VERTEX_POINT('',#2067) ;
#2070=VERTEX_POINT('',#2069) ;
#2086=VERTEX_POINT('',#2085) ;
#2088=VERTEX_POINT('',#2087) ;
#2104=VERTEX_POINT('',#2103) ;
#2106=VERTEX_POINT('',#2105) ;
#2122=VERTEX_POINT('',#2121) ;
#2124=VERTEX_POINT('',#2123) ;
#2140=VERTEX_POINT('',#2139) ;
#2142=VERTEX_POINT('',#2141) ;
#2180=VERTEX_POINT('',#2179) ;
#2232=VERTEX_POINT('',#2231) ;
#2239=VERTEX_POINT('',#2238) ;
#2270=VERTEX_POINT('',#2269) ;
#2277=VERTEX_POINT('',#2276) ;
#2308=VERTEX_POINT('',#2307) ;
#2310=VERTEX_POINT('',#2309) ;
#2346=VERTEX_POINT('',#2345) ;
#2353=VERTEX_POINT('',#2352) ;
#2384=VERTEX_POINT('',#2383) ;
#2391=VERTEX_POINT('',#2390) ;
#2422=VERTEX_POINT('',#2421) ;
#2429=VERTEX_POINT('',#2428) ;
#2460=VERTEX_POINT('',#2459) ;
#2467=VERTEX_POINT('',#2466) ;
#2498=VERTEX_POINT('',#2497) ;
#2505=VERTEX_POINT('',#2504) ;
#2536=VERTEX_POINT('',#2535) ;
#2543=VERTEX_POINT('',#2542) ;
#2601=VERTEX_POINT('',#2600) ;
#2608=VERTEX_POINT('',#2607) ;
#2644=VERTEX_POINT('',#2643) ;
#2651=VERTEX_POINT('',#2650) ;
#2687=VERTEX_POINT('',#2686) ;
#2694=VERTEX_POINT('',#2693) ;
#2730=VERTEX_POINT('',#2729) ;
#2737=VERTEX_POINT('',#2736) ;
#2773=VERTEX_POINT('',#2772) ;
#2780=VERTEX_POINT('',#2779) ;
#2816=VERTEX_POINT('',#2815) ;
#2823=VERTEX_POINT('',#2822) ;
#2859=VERTEX_POINT('',#2858) ;
#2866=VERTEX_POINT('',#2865) ;
#2902=VERTEX_POINT('',#2901) ;
#2909=VERTEX_POINT('',#2908) ;
#2945=VERTEX_POINT('',#2944) ;
#2952=VERTEX_POINT('',#2951) ;
#3027=VERTEX_POINT('',#3026) ;
#3029=VERTEX_POINT('',#3028) ;
#3053=VERTEX_POINT('',#3052) ;
#3055=VERTEX_POINT('',#3054) ;
#3071=VERTEX_POINT('',#3070) ;
#3073=VERTEX_POINT('',#3072) ;
#3089=VERTEX_POINT('',#3088) ;
#3091=VERTEX_POINT('',#3090) ;
#3107=VERTEX_POINT('',#3106) ;
#3109=VERTEX_POINT('',#3108) ;
#3125=VERTEX_POINT('',#3124) ;
#3127=VERTEX_POINT('',#3126) ;
#3143=VERTEX_POINT('',#3142) ;
#3145=VERTEX_POINT('',#3144) ;
#3383=VERTEX_POINT('',#3382) ;
#3502=VERTEX_POINT('',#3501) ;
#3504=VERTEX_POINT('',#3503) ;
#3533=VERTEX_POINT('',#3532) ;
#3535=VERTEX_POINT('',#3534) ;
#3551=VERTEX_POINT('',#3550) ;
#3553=VERTEX_POINT('',#3552) ;
#3569=VERTEX_POINT('',#3568) ;
#3571=VERTEX_POINT('',#3570) ;
#3587=VERTEX_POINT('',#3586) ;
#3589=VERTEX_POINT('',#3588) ;
#3605=VERTEX_POINT('',#3604) ;
#3607=VERTEX_POINT('',#3606) ;
#3623=VERTEX_POINT('',#3622) ;
#3625=VERTEX_POINT('',#3624) ;
#3665=VERTEX_POINT('',#3664) ;
#3667=VERTEX_POINT('',#3666) ;
#3691=VERTEX_POINT('',#3690) ;
#3693=VERTEX_POINT('',#3692) ;
#3709=VERTEX_POINT('',#3708) ;
#3711=VERTEX_POINT('',#3710) ;
#3727=VERTEX_POINT('',#3726) ;
#3729=VERTEX_POINT('',#3728) ;
#3745=VERTEX_POINT('',#3744) ;
#3747=VERTEX_POINT('',#3746) ;
#3763=VERTEX_POINT('',#3762) ;
#3765=VERTEX_POINT('',#3764) ;
#3781=VERTEX_POINT('',#3780) ;
#3783=VERTEX_POINT('',#3782) ;
#41=(LENGTH_UNIT()NAMED_UNIT(*)SI_UNIT(.MILLI.,.METRE.)) ;
#42=(NAMED_UNIT(*)PLANE_ANGLE_UNIT()SI_UNIT($,.RADIAN.)) ;
#43=(NAMED_UNIT(*)SI_UNIT($,.STERADIAN.)SOLID_ANGLE_UNIT()) ;
#45=(GEOMETRIC_REPRESENTATION_CONTEXT(3)GLOBAL_UNCERTAINTY_ASSIGNED_CONTEXT((#44))GLOBAL_UNIT_ASSIGNED_CONTEXT((#41,#42,#43))REPRESENTATION_CONTEXT(' ',' ')) ;
ENDSEC;
END-ISO-10303-21;
